timestamp,open,high,low,close,volume,rsi_14,ema_10,sma_10,macd_line,macd_signal,bb_high,bb_low,williams_r,stoch_k,stoch_d,atr_14,adx,obv,cci,roc
2024-01-01 00:00:00,2293.17,2293.23,2292.08,2293.02,6.54754231,,,,,,,,,,,0.0,0.0,6.54754231,,
2024-01-01 00:05:00,2292.42,2293.59,2290.38,2290.38,3.11034561,,,,,,,,,,,0.0,0.0,3.4371967,,
2024-01-01 00:10:00,2289.77,2289.77,2288.61,2288.61,7.15090229,,,,,,,,,,,0.0,0.0,-3.7137055900000004,,
2024-01-01 00:15:00,2288.41,2288.41,2285.25,2285.25,4.14128025,,,,,,,,,,,0.0,0.0,-7.854985840000001,,
2024-01-01 00:20:00,2283.48,2283.48,2283.48,2283.48,0.08295182,,,,,,,,,,,0.0,0.0,-7.937937660000001,,
2024-01-01 00:25:00,2281.56,2281.59,2281.56,2281.59,0.02415988,,,,,,,,,,,0.0,0.0,-7.962097540000001,,
2024-01-01 00:30:00,2283.89,2284.2,2280.1,2280.1,3.473233,,,,,,,,,,,0.0,0.0,-11.43533054,,
2024-01-01 00:35:00,2280.78,2281.95,2280.54,2281.94,1.78727697,,,,,,,,,,,0.0,0.0,-9.64805357,,
2024-01-01 00:40:00,2279.42,2279.42,2273.22,2275.08,8.30817088,,,,,,,,,,,0.0,0.0,-17.95622445,,
2024-01-01 00:45:00,2273.88,2273.88,2271.01,2271.01,6.6334188,,2281.429983652414,2283.046,,,,,,,,0.0,0.0,-24.58964325,,
2024-01-01 00:50:00,2276.55,2276.55,2274.36,2275.73,2.95153012,,2280.393622988339,2281.317,,,,,,,,0.0,0.0,-21.63811313,,
2024-01-01 00:55:00,2272.69,2275.56,2272.3,2273.75,9.17255855,,2279.1856915359135,2279.654,,,,,,,,0.0,0.0,-30.81067168,,
2024-01-01 01:00:00,2273.44,2277.84,2273.44,2277.84,7.2278561,,2278.9410203475654,2278.5769999999998,,,,,,,,0.0,0.0,-23.58281558,,-0.6620090535625436
2024-01-01 01:05:00,2277.99,2277.99,2277.99,2277.99,0.24,36.080260340603104,2278.7681075570986,2277.8509999999997,,,,,-69.08768821966525,30.912311780334747,,3.245714285714257,0.0,-23.34281558,,-0.5409582689335537
2024-01-01 01:10:00,2276.61,2276.61,2271.56,2272.39,13.33139421,28.99626750564623,2277.608451637626,2276.7419999999997,,,,,-93.88839681133898,6.1116031886610225,,3.473163265306084,0.0,-36.67420979,,-0.7087271313155258
2024-01-01 01:15:00,2271.36,2272.22,2271.35,2272.22,0.53121021,28.81133324128018,2276.6287331580575,2275.805,,,,,-93.55010660981026,6.449893390189749,14.49126945306184,3.29936588921279,0.0,-37.20542,,-0.570178317470745
2024-01-01 01:20:00,2269.5,2273.56,2266.12,2273.56,12.10726845,32.46752138906743,2276.070781674774,2275.151,,,,,-66.62180349932676,33.37819650067325,15.313231026508006,3.5951254685547376,0.0,-25.098151549999997,,-0.4344246500954715
2024-01-01 01:25:00,2271.28,2271.28,2271.28,2271.28,0.35,29.67484350136573,2275.1997304611787,2274.085,,,,,-71.46017699114861,28.539823008851382,22.789304299904796,3.501187935086524,0.0,-25.44815155,,-0.4518778571084176
2024-01-01 01:30:00,2273.45,2275.14,2273.45,2275.14,0.858752,39.208352205257846,2275.188870377328,2274.091,,,,,-50.110619469026446,49.889380530973554,37.269133346832724,3.526817368294606,0.0,-24.58939955,,-0.21753431867023537
2024-01-01 01:35:00,2274.98,2274.98,2274.92,2274.92,0.68321616,38.8848017548172,2275.1399848541773,2274.482,,,2291.595396494537,2265.9326035054632,-51.32743362831738,48.67256637168262,42.367256637169184,3.2906161277021195,0.0,-25.27261571,-45.503519188652575,-0.3076329789565011
2024-01-01 01:40:00,2273.71,2273.71,2273.71,2273.71,0.32988163,37.07276990636385,2274.879987607963,2274.2799999999997,,,2288.9957251473306,2266.601274852669,-52.05306380290474,47.94693619709526,48.836294366583815,3.1420006900091133,0.0,-25.60249734,-55.75649595663572,-0.06021766267559342
2024-01-01 01:45:00,2272.51,2275.21,2272.51,2275.21,14.76034643,40.75833243959956,2274.9399898610604,2274.4260000000004,,,2286.6710850894387,2267.408914910561,-31.654135338345704,68.34586466165429,54.988455743477395,3.1104292121513066,0.0,-10.842150909999999,-42.74865052431659,0.18493974046788952
2024-01-01 01:50:00,2276.19,2278.26,2275.67,2278.26,6.74816173,47.492443035192665,2275.54362806814,2274.468,,,2284.597849837624,2268.447150162376,-0.0,100.0,72.09760028624986,3.1061128398547977,0.0,-4.0939891799999995,18.500791310503246,0.11117311807640624
2024-01-01 01:55:00,2278.45,2278.45,2278.45,2278.45,0.3292058,47.889830261229235,2276.072059328478,2274.514,,,2283.2717929830847,2269.093207016915,-0.0,100.0,89.44862155388478,2.8978190655794265,0.0,-3.7647833799999995,53.72684668600251,0.20670698185815584
2024-01-01 02:00:00,2279.66,2281.69,2276.34,2276.34,6.20065446,43.91500060663491,2276.120775814209,2274.909,,,2282.078702299623,2269.572297700377,-34.3609505459207,65.6390494540793,88.54634981802644,3.072974846609461,0.0,-9.96543784,58.443443567988616,-0.06585185965651669
2024-01-01 02:05:00,2279.07,2279.07,2279.07,2279.07,0.24,49.72879170334582,2276.6569983934437,2275.594,-2.3076414037668656,,2281.573042287241,2269.8259577127583,-16.827231856132713,83.17276814386729,82.93727253264886,3.048476643280215,0.0,-9.72543784,89.74737371419205,0.0474102169017591
2024-01-01 02:10:00,2280.94,2282.89,2280.94,2282.89,7.30425342,56.52054894550657,2277.7902714128177,2276.527,-1.6428237599425302,,2282.2334066182884,2269.4445933817115,-0.0,100.0,82.93727253264886,3.1035854544744645,0.0,-2.4211844199999994,169.06962892242333,0.4620685709759329
2024-01-01 02:15:00,2282.31,2282.31,2280.84,2281.04,2.65359588,52.800137810062616,2278.3811311559416,2277.5029999999997,-1.2508119448675643,,2282.0266540093294,2269.5613459906704,-11.031604054859338,88.96839594514066,90.71372136300265,3.028329350583412,36.10013367557682,-5.0747803,147.66326554788725,0.388166638793786
2024-01-01 02:20:00,2280.94,2281.45,2280.67,2280.67,0.89960513,52.0620290937356,2278.7972891275886,2278.056,-0.9589415832574559,,2282.6451520753926,2269.5018479246073,-13.237924865830664,86.76207513416934,91.91015702643665,2.8677343969702926,33.52702307574688,-5.97438543,116.61705480651187,0.31272541740706766
2024-01-01 02:30:00,2280.09,2280.09,2280.09,2280.09,0.24,50.861735722384424,2279.032327468027,2278.5730000000003,-0.7656079200787644,,2282.8883800491767,2270.1666199508236,-16.696481812759274,83.30351818724073,86.34466308885023,2.7043247971866955,31.30189819468156,-6.21438543,87.2379622626925,0.3878870064457022
2024-01-01 02:35:00,2278.41,2278.41,2278.41,2278.41,0.09466631,47.449317453881505,2278.9191770192947,2279.043,-0.7394278942824712,,2283.0623226815005,2270.260677318499,-38.58742463393751,61.41257536606249,77.15938956249086,2.6311587402448096,29.702599634503947,-6.30905174,43.88483743542718,0.14372741897201852
2024-01-01 02:40:00,2278.25,2278.49,2278.25,2278.49,0.55124,47.62950432931266,2278.8411448339684,2279.371,-0.7041081829688665,,2283.200814733494,2270.5961852665064,-42.38921001927011,57.61078998072989,67.44229451134437,2.4603616873701646,28.261911789031547,-5.75781174,39.48275728485319,0.1569285952912502
2024-01-01 02:45:00,2278.79,2278.79,2275.88,2275.88,0.53580007,42.50849332585991,2278.3027548641558,2279.1330000000003,-0.8766171478032447,,2283.1021616062762,2270.4988383937243,-67.53371868978803,32.466281310211976,50.49654888566812,2.492478709700857,27.558186930778653,-6.29361181,2.6828964378658466,0.09543873229216007
2024-01-01 02:50:00,2276.04,2276.04,2275.57,2275.57,0.53910703,41.93182083005036,2277.8058903434003,2278.8450000000003,-1.02651314990635,-1.1586100086242344,2282.9780886514372,2270.380911348563,-70.52023121387238,29.479768786127625,39.85228002568983,2.34801594472221,26.98418151389998,-6.83271884,-20.925358948591448,0.015822715265849187
2024-01-01 02:55:00,2272.35,2275.48,2272.35,2274.89,0.98783079,40.62976461515454,2277.275728462782,2278.7,-1.1864998962842037,-1.1641879861562283,2282.851831560284,2270.7571684397153,-75.90132827324504,24.098671726754958,28.68157394103152,2.410300520099213,27.211830569512802,-7.82054963,-57.30808427939726,-0.14791990378623798
2024-01-01 03:00:00,2276.36,2276.37,2276.36,2276.37,0.32947481,44.65768451283305,2277.111050560458,2278.43,-1.1802615933465859,-1.1674027075942999,2282.6893430405444,2271.334656959456,-61.85958254269454,38.14041745730546,30.572952656729353,2.3438504829492706,27.070874777943768,-7.491074820000001,-13.302227118581364,-0.0912901314490082
2024-01-01 03:05:00,2278.0,2278.12,2277.01,2277.32,21.82386877,47.136883526976234,2277.1490413676474,2277.8730000000005,-1.0861402837135756,-1.1511502228181552,2282.6522068926274,2271.747793107372,-52.8462998102441,47.1537001897559,36.464263124605445,2.301432591310037,26.27547878519112,14.33279395,8.28460038987581,0.04305156523190816
2024-01-01 03:10:00,2277.21,2277.55,2274.58,2274.58,29.15073385,41.37919993458337,2276.681942937166,2277.227,-1.2185963484316744,-1.164639447940859,2282.2620664688175,2272.467933531183,-78.84250474383278,21.157495256167227,35.48387096774287,2.349187406216481,26.13721723792781,-14.817939900000002,-60.105906313636005,-0.197010183978563
2024-01-01 03:15:00,2276.87,2280.22,2276.87,2280.22,20.66592148,53.869849530808615,2277.3252260394993,2277.182,-0.8585707997244754,-1.1034257182975824,2282.5549169360934,2272.683083063906,-25.332068311196224,74.66793168880378,47.65970904490897,2.5842454486295807,25.069300927793247,5.847981579999999,49.20514761543217,-0.11695701501167699
2024-01-01 03:20:00,2277.94,2277.94,2274.65,2274.65,24.94172116,43.91738700842949,2276.838821305045,2276.638,-1.0110457025921278,-1.0849497151564915,2282.572251352747,2272.638748647253,-78.17836812144033,21.821631878559675,39.215686274510226,2.7975136308703044,24.62657595426106,-19.09373958,-66.4377092813563,-0.28013537684564377
2024-01-01 03:25:00,2275.94,2275.94,2275.62,2275.62,1.27712261,45.795498481418235,2276.6172174314,2276.3589999999995,-1.0416052908494748,-1.0762808302950884,2282.43234188154,2272.96965811846,-67.16867469879548,32.831325301204515,43.10696295618933,2.6898340858081373,24.21547419312403,-17.816616970000002,-74.45511078912274,-0.22142615985654138
2024-01-01 03:35:00,2278.17,2279.16,2278.17,2279.15,0.67638653,52.08418133024146,2277.0777233529634,2276.425,-0.7720824008415548,-1.0154411444043816,2282.525014588265,2273.270985411735,-25.274725274722528,74.72527472527747,43.12607730168056,2.750560222536125,22.75489900619783,-17.140230440000003,32.17957157218168,-0.041226442815856155
2024-01-01 03:40:00,2281.73,2281.73,2281.22,2281.22,0.61244287,55.35514751072263,2277.830864561515,2276.959,-0.3869908784618019,-0.8897510912158657,2282.89394554425,2273.1980544557496,-5.43710021322188,94.56289978677812,67.37316660442004,2.738377349497825,21.590221171798316,-16.527787570000005,117.64705882352891,0.12333162161331566
2024-01-01 03:45:00,2281.29,2281.29,2281.08,2281.08,0.56675801,55.08127810225922,2278.4216164594213,2277.5099999999998,-0.09203893496260207,-0.730208659965213,2283.201621316212,2273.1533786837877,-6.929637526653341,93.07036247334666,87.45284566180074,2.5577789673908407,20.465068081040616,-17.094545580000005,97.23364647821764,0.11367177385023176
2024-01-01 03:50:00,2282.84,2282.84,2282.84,2282.84,0.07006082,57.90112371068713,2279.2249589213448,2278.305,0.2804965072091363,-0.5280676265303431,2283.840270602042,2273.164729397958,-0.0,100.0,95.87775408670825,2.5007947554343675,19.851310965406466,-17.024484760000007,133.67837724801666,0.305815772360583
2024-01-01 04:00:00,2283.23,2285.49,2283.23,2285.02,9.8200774,61.15403599556179,2280.2786027538273,2279.17,0.7430755971477083,-0.27383898179473287,2284.8472241565887,2272.7527758434117,-3.5768645357671573,96.42313546423284,96.49783264585983,2.5114522729033153,19.945750420725123,-7.2044073600000065,158.8252561604396,0.41528056706670496
2024-01-01 04:05:00,2284.86,2285.38,2284.38,2284.38,11.23393557,59.695714860543056,2281.0243113440406,2279.8759999999997,1.0459728830296626,-0.00987660882985375,2285.1537020989954,2272.5952979010044,-8.447488584472476,91.55251141552752,95.99188229325345,2.403491396267364,20.033444200663876,-18.438342930000005,150.571506699486,0.4171630276628864
2024-01-01 04:10:00,2284.69,2284.69,2284.69,2284.69,0.24,60.19091036656678,2281.6908001905786,2280.8869999999997,1.2960949972330127,0.25131771238271955,2285.7742378251796,2272.33976217482,-6.088280060880783,93.91171993911922,93.96245560629319,2.253956296533977,20.114874139178433,-18.198342930000006,135.74673550449563,0.36549418591881655
2024-01-01 04:15:00,2283.47,2284.02,2282.91,2284.02,2.73138719,58.51747537679799,2282.1142910650187,2281.267,1.4238420098172355,0.48582257186962274,2286.254078863633,2272.1949211363676,-13.47387717690027,86.52612282309973,90.66345139258215,2.220102275352993,19.48647486971255,-20.929730120000006,100.92650306654443,0.29420546958705046
2024-01-01 04:20:00,2285.11,2285.11,2284.71,2284.71,0.05179295,59.75830781835622,2282.586238144106,2282.273,1.562745315860866,0.7012071206678714,2286.8764068852824,2272.0345931147176,-7.149404216313068,92.85059578368693,91.09614618196862,2.1393806842563614,19.225447184533827,-20.877937170000006,111.9340266834692,0.4453569450184258
2024-01-01 04:25:00,2283.47,2285.53,2282.9,2285.53,1.99207623,61.24204920880591,2283.1214675724505,2283.264,1.7191767343751962,0.9048010434093364,2287.6679757366164,2271.955024263384,-0.0,100.0,93.12557286892888,2.1744249210952007,18.29267132371916,-18.885860940000008,94.45325294759031,0.2328722667111244
2024-01-01 04:30:00,2286.9,2286.9,2286.9,2286.9,0.00128944,63.65327906190354,2283.8084734683684,2284.0389999999998,1.9314329541871302,1.1101274255648952,2288.641341472437,2271.822658527563,-0.0,100.0,97.61686526122897,2.1169659981598214,17.85337029294774,-18.884571500000007,120.14820839546933,0.5385443914448377
2024-01-01 04:35:00,2287.43,2287.43,2287.43,2287.43,0.53,64.57154815194332,2284.466932837756,2284.66,2.1179991326243908,1.3117017669767943,2289.524846177867,2272.0941538221336,-0.0,100.0,100.0,2.0036112840055305,17.60765203587217,-18.354571500000006,115.8976906750979,0.5189794429649919
2024-01-01 04:40:00,2284.36,2284.36,2284.36,2284.36,0.3428,55.78061082094469,2284.447490503618,2284.9880000000003,1.9951321882931552,1.4483878512400665,2289.7469618733003,2272.7510381267,-25.99491955969283,74.00508044030717,91.33502681343573,2.0797819065765433,16.455154779557,-18.697371500000006,57.155138619598134,0.2285939933747246
2024-01-01 04:45:00,2282.44,2284.52,2282.38,2284.52,1.54407312,56.11593672804809,2284.4606740484146,2285.156,1.8888958964289486,1.536489460277843,2289.8138470171752,2273.647152982825,-31.42548596112234,68.57451403887765,80.85986482639494,2.0840831989639237,16.003983549622347,-17.153298380000006,41.6451320217339,0.14465943661725664
2024-01-01 04:55:00,2284.48,2284.48,2284.41,2284.41,0.67917651,55.80263236629286,2284.4514605850663,2285.0950000000003,1.7753615264909968,1.584263873520474,2289.903152160538,2274.3618478394615,-47.55905511811063,52.44094488188937,65.00684645369141,1.9430772561807952,15.585038836111599,-17.832474890000007,49.08381084313273,0.14598348150875584
2024-01-01 05:00:00,2285.74,2286.43,2285.73,2285.73,5.65387712,58.7769431576189,2284.6839222968724,2285.23,1.7714772021631688,1.6217065392490129,2290.1445824437387,2274.961417556261,-26.771653543304605,73.22834645669539,64.7479351258208,1.9485717378821656,14.477825889542947,-12.178597770000007,76.24328347471712,0.12659669534439
2024-01-01 05:05:00,2284.71,2284.71,2284.13,2284.13,1.07470412,54.03058659923179,2284.5832091519865,2285.174,1.6206108260980727,1.621487396618825,2289.701612276082,2276.3593877239177,-65.34653465346348,34.65346534653653,53.44091889504043,1.9236737566048616,13.982437526362881,-13.253301890000007,35.165805852681736,-0.038949330859242924
2024-01-01 05:10:00,2286.45,2286.45,2284.61,2284.61,4.03931571,55.199394625494904,2284.5880802152615,2285.233,1.522232772758798,1.6016364718468197,2289.8249676805362,2276.6750323194638,-55.8415841584131,44.1584158415869,50.68007588160628,1.9519827739902078,13.062503089974262,-9.213986180000006,54.706935435124436,0.010068377415316987
2024-01-01 05:15:00,2284.34,2284.34,2284.34,2284.34,4.42702353,54.362101224481286,2284.5429747215776,2285.1960000000004,1.406270106777356,1.5625631988329272,2289.001079440216,2278.467920559784,-61.18811881187837,38.81188118812163,39.20792079208169,1.8318411472766203,12.146389511850899,-13.641009710000006,23.257762061190626,-0.01531936499043236
2024-01-01 05:20:00,2286.51,2287.06,2286.51,2286.99,2.80256866,60.6681149034034,2284.9878884085633,2285.3419999999996,1.5107863074267698,1.5522078205516958,2288.226611091853,2280.3793889081467,-8.712871287130264,91.28712871286973,58.085808580859414,1.8952810653282761,12.162108112479292,-10.838441050000005,125.5855812420996,0.13003388761918896
2024-01-01 05:25:00,2283.14,2283.55,2282.36,2282.36,3.63018021,48.14985299420915,2284.510090516097,2284.888,1.2061105522957405,1.4829883669005048,2287.7400913691085,2281.186908630891,-100.0,0.0,43.366336633663785,2.0906181320905177,11.784329353738626,-14.468621260000006,-98.73294346977009,-0.10285769309890136
2024-01-01 05:30:00,2281.76,2281.76,2280.5,2280.5,4.01861083,44.20382617948184,2283.7809831495338,2284.195,0.8052835583634987,1.3474474051931036,2287.8580502474265,2280.996949752574,-100.0,0.0,30.42904290428991,2.0741454083697755,11.941309651762149,-18.487232090000006,-200.42643923240257,-0.22008024396967882
2024-01-01 05:35:00,2281.44,2281.44,2281.01,2281.01,0.1955116,45.522164351184855,2283.2771680314368,2283.86,0.5227520553294198,1.182508335220367,2287.8683193812585,2280.9796806187414,-92.64069264068932,7.359307359310683,2.453102453103561,1.9931350220576525,12.08707707135542,-18.291720490000007,-187.10939363579058,-0.2575538939175247
2024-01-01 05:40:00,2281.37,2281.37,2281.37,2281.37,0.35639,46.48339578581943,2282.930410207539,2283.545,0.32415612497152324,1.0108378931705981,2287.984409602633,2280.716590397366,-87.44588744588873,12.554112554111276,6.637806637807319,1.8764825204820823,12.222432532406314,-17.935330490000005,-159.27728455808617,-0.26492613981629803
2024-01-01 05:45:00,2281.74,2283.88,2281.74,2283.13,3.54387163,51.03235639118718,2282.9666992607135,2283.4170000000004,0.3052657963439742,0.8697234738052734,2287.913575153037,2280.5984248469636,-62.04906204905958,37.95093795094042,19.288119288120793,1.9217337690190919,11.420040238723127,-14.391458860000006,-67.67892249132827,-0.053844402808664926
2024-01-01 05:55:00,2285.65,2285.94,2285.65,2285.94,0.25347854,57.276448617047855,2283.507299395129,2283.438,0.5111464129881824,0.7980080616418552,2288.064632118035,2280.6033678819654,-17.073170731705794,82.9268292682942,44.47729325778196,1.9851813569462957,11.193938577194434,-14.137980320000006,74.17878134280836,0.06215747728188297
2024-01-01 06:00:00,2287.48,2289.96,2287.39,2289.89,14.39702639,64.18918195887558,2284.667790414196,2284.014,0.9817235751679618,0.8347511643470766,2289.0432354399513,2280.1447645600488,-0.7399577167036304,99.26004228329637,73.379269834177,2.130525545735845,12.04119051148084,0.2590460699999948,190.06343822623143,0.23988688545401302
2024-01-01 06:05:00,2290.08,2290.3,2288.84,2289.57,6.4014541,63.295682870140986,2285.5591012479786,2284.5099999999998,1.3136945874148296,0.9305398489606274,2289.808492100472,2279.9345078995284,-7.448979591836782,92.55102040816321,91.57929731991793,2.082630863897573,12.90751373427125,-6.142408030000005,173.62117349277534,0.16799884500794696
2024-01-01 06:10:00,2290.39,2291.25,2289.08,2289.45,9.18623868,62.94185846427887,2286.2665373847094,2285.0209999999997,1.549242308265093,1.0542803408215207,2290.4317068342425,2279.785293165757,-16.74418604651332,83.25581395348668,91.68895888164873,2.088871516476323,13.938121698783078,-15.328646710000005,153.73121279319037,0.23291143673957737
2024-01-01 06:15:00,2290.41,2290.41,2288.78,2288.78,1.6652056,60.89506493934511,2286.723530587489,2285.2,1.6626857669566562,1.1759614260485478,2290.828999280328,2279.7130007196715,-22.97674418604465,77.02325581395534,84.27669672520175,2.0560949795851324,14.76776666795682,-16.993852310000005,116.06486319130376,0.18252568272046749
2024-01-01 06:20:00,2289.47,2289.47,2287.94,2287.94,4.44043735,58.333859867790466,2286.944706844309,2285.7580000000003,1.665609436678551,1.2738910281745486,2290.959889567849,2279.6861104321506,-30.790697674418098,69.2093023255819,76.49612403100797,2.0185167667576045,15.174862072971411,-21.434289660000005,85.30001002871624,0.15759475384574578
2024-01-01 06:25:00,2291.99,2292.06,2289.98,2289.98,0.29467721,62.46298079902724,2287.496578327162,2286.706,1.8116537997175328,1.3814435824831455,2291.3800142296927,2279.520985770307,-17.99307958477454,82.00692041522545,76.07982618492089,2.1686227119891965,16.226426541349632,-21.139612450000005,133.02435785610254,0.13073953099927138
2024-01-01 06:30:00,2291.87,2292.6,2291.36,2292.6,10.49448845,66.98783093753262,2288.4244731767685,2287.865,2.114433243127678,1.528041514612052,2292.5307377732156,2279.1942622267848,-0.0,100.0,83.73874091360244,2.2008639468471034,17.332725030384637,-10.645124000000004,146.13553478663292,0.44865840621110525
2024-01-01 06:35:00,2293.71,2297.6,2293.71,2297.6,1.86068049,73.54244979222477,2290.092750780992,2289.4880000000003,2.7264178982995873,1.7677167913495593,2294.879983185859,2278.153016814141,-0.0,100.0,94.00230680507514,2.4008022363580244,19.362078977815504,-8.784443510000004,195.57830826456055,0.7498355623766678
2024-01-01 06:40:00,2295.81,2295.81,2295.81,2295.81,0.20106,68.3131291555377,2291.1322506389934,2290.756,3.0320307432539266,2.020579581730433,2296.307921311281,2277.8650786887188,-10.467836257309784,89.53216374269022,96.51072124756341,2.357173505189592,21.24647907185845,-8.985503510000004,156.13525873309638,0.6488353843253527
2024-01-01 06:45:00,2297.25,2297.25,2297.25,2297.25,0.13963035,70.15186173481443,2292.2445687046306,2291.8869999999997,3.3517897443634865,2.2868216142570437,2297.860481908209,2277.464518091791,-2.109704641349702,97.89029535865029,95.8074863671135,2.291661111961768,23.24514269645329,-8.845873160000005,153.42825731369865,0.696072973695635
2024-01-01 07:00:00,2299.97,2299.97,2299.91,2299.91,0.5168128,73.24084426693759,2293.6382834856067,2292.889,3.7763098763507514,2.584719266675785,2299.809901780188,2277.0930982198124,-0.3225806451609985,99.677419354839,95.69995948539317,2.322256746821627,25.520040033156352,-8.329060360000005,168.99660115264845,0.734955959581791
2024-01-01 07:05:00,2302.26,2302.32,2301.87,2302.0,1.3078008,75.39542788889544,2295.158595579133,2294.132,4.232599895698968,2.9142953924804216,2301.96022924866,2276.6817707513405,-1.5549076773574235,98.44509232264258,98.67093567871062,2.328524122048676,27.943782235283027,-7.021259560000005,170.7587588661991,0.7025556226322627
2024-01-01 07:10:00,2299.91,2300.2,2299.91,2300.2,8.40230975,70.1561930647237,2296.075214564745,2295.207,4.398267575863883,3.211089829157114,2303.378357353456,2276.849642646544,-12.717456508700279,87.28254349129972,95.13501838959377,2.311486684759495,29.281073254148755,-15.423569310000005,124.75517773054226,0.4502399678587158
2024-01-01 07:15:00,2301.52,2301.52,2297.56,2297.56,1.47502973,63.21752016382582,2296.345175552973,2296.085,4.267343193362194,3.4223405019981303,2304.2057826041555,2277.0792173958444,-31.88211654387224,68.11788345612776,84.61517309002335,2.4292376358481045,29.53989359589958,-16.898599040000004,95.84058107282695,0.3489738247793158
2024-01-01 07:20:00,2298.78,2300.14,2298.72,2298.72,1.66640564,64.86199143297165,2296.7769618160687,2297.1629999999996,4.208672031079004,3.5796068078143053,2304.899822118329,2278.021177881671,-25.034770514605956,74.96522948539405,76.78855214427384,2.440006376144663,29.780226770382487,-15.232193400000003,88.19831355042575,0.40490074035248563
2024-01-01 07:25:00,2300.19,2301.99,2300.19,2301.72,0.61961762,68.75283566983381,2297.6756960313287,2298.337,4.354058761130091,3.7344971984774626,2305.6796705035395,2279.36332949646,-4.172461752436434,95.82753824756357,79.63688372969511,2.4992916349914713,30.38155082002103,-14.612575780000004,100.84541411435593,0.5653667019110442
2024-01-01 07:30:00,2300.03,2300.89,2299.53,2300.89,3.0037763,66.55698960269343,2298.2601149347233,2299.166,4.352136013891595,3.8580249615602895,2306.033037257793,2280.997962742207,-9.944367176636163,90.05563282336384,86.94946685210715,2.4771993753491945,30.649473706297254,-17.616352080000006,82.26768714573753,0.566011346451385
2024-01-01 07:40:00,2300.29,2300.29,2300.29,2300.29,0.43859,64.94227193876134,2298.6291849465915,2299.435,4.2531693485184405,3.93705383895192,2305.9847465477505,2282.93825345225,-14.116828929069435,85.88317107093057,90.58878071395266,2.3431137056813887,30.898259243553753,-18.054942080000007,74.07832156248581,0.4502222726836019
2024-01-01 07:45:00,2301.98,2302.62,2301.98,2302.62,0.35630974,68.17156571088744,2299.3547876835746,2300.116,4.313031142331511,4.012249299627839,2306.234993286425,2284.6370067135754,-0.0,100.0,91.97960129809813,2.342177012418427,31.63512143326007,-17.698632340000007,95.5028925014699,0.4370583616854219
2024-01-01 07:50:00,2301.69,2301.69,2301.69,2301.69,0.24,65.57514676633912,2299.7793717411064,2300.56,4.2365920219017426,4.05711784408262,2306.4178774209245,2286.0291225790747,-8.259325044403694,91.7406749555963,92.54128200884229,2.241307225817099,32.17605288007429,-17.938632340000005,80.82306969383143,0.17801183844011775
2024-01-01 07:55:00,2301.64,2301.64,2301.64,2301.64,0.34098474,65.43086020953456,2300.1176677881776,2300.733,4.124434967184698,4.070581268703036,2306.830468848211,2286.7915311517886,-10.998877665544716,89.00112233445529,93.58059909668386,2.0847852811158907,32.65218636006904,-18.279617080000005,74.40462259391393,0.2539408748981809
2024-01-01 08:00:00,2302.11,2303.19,2302.11,2302.37,1.21594463,66.58681799399284,2300.5271827357815,2300.77,4.047794141213217,4.0660238432050715,2307.1693041730687,2287.7326958269314,-11.111111111113166,88.88888888888684,89.87689539297946,2.0465863324647686,33.447015573312264,-17.063672450000006,83.42859036165443,0.22287517684187141
2024-01-01 08:05:00,2301.71,2304.4,2301.71,2304.4,6.50632633,69.62826888613134,2301.2313313292757,2301.1899999999996,4.1035565238144045,4.073530379326938,2307.6359218407515,2288.7610781592484,-0.0,100.0,92.63000374111402,2.092544451574432,34.44032232337959,-10.557346120000005,94.54290497433291,0.19522503054468376
2024-01-01 08:15:00,2304.62,2304.79,2304.06,2304.06,0.66052185,68.50355095518748,2301.7456347239527,2301.8399999999997,4.07335831617911,4.073495966697372,2307.6722620518763,2290.252737948124,-10.096818810511984,89.90318118948802,92.93069002612496,1.9952198478905452,35.44385547753902,-11.217867970000006,107.89672085178762,0.08948740225890293
2024-01-01 08:20:00,2302.76,2302.76,2300.44,2301.66,13.86095453,61.0117149560814,2301.7300647741426,2302.134,3.811825722548292,4.021161917867556,2306.7992881384025,2292.497711861598,-43.291839557401126,56.708160442598874,82.20378054402896,2.1112755730412127,34.49322780934566,-25.07882250000001,49.791607405673005,0.06347274150074066
2024-01-01 08:25:00,2300.96,2302.53,2300.96,2301.2,0.5101072,59.66484711610614,2301.633689360662,2302.082,3.5267865027799417,3.9222868348500337,2305.8362520827136,2294.5827479172863,-49.654218533888475,50.345781466111525,65.65237436606613,2.072613032109709,33.61050211745182,-25.58892970000001,43.66539861234816,0.15842894200803778
2024-01-01 08:30:00,2302.32,2302.32,2300.92,2300.92,1.49797175,58.813756981807096,2301.5039276587236,2302.085,3.240937695237335,3.7860170069274943,2305.0400417656106,2296.2109582343887,-53.5269709543552,46.4730290456448,51.175656984785064,2.024569244101879,32.771030856313175,-27.08690145000001,29.85975353344946,0.09570543606878058
2024-01-01 08:35:00,2301.23,2301.23,2301.23,2301.23,0.24,59.50252553460518,2301.4541226298647,2302.1789999999996,3.0047776586134205,3.6297691372646796,2305.002088080163,2296.6119119198365,-58.64909390444562,41.35090609555438,46.05657220243689,1.9021000123803125,31.991521828113004,-26.84690145000001,16.57462664409593,-0.02128842778442998
2024-01-01 08:45:00,2299.61,2299.61,2299.61,2299.61,0.3261957,54.384157164647874,2301.118827606253,2301.8779999999997,2.6562787392231257,3.435071057656369,2304.5672834621823,2297.4267165378183,-98.4790874524728,1.5209125475272023,29.78161589624212,1.8819500114959966,30.42927736399893,-27.17309715000001,-75.54026128679753,-0.05563064727126222
2024-01-01 08:55:00,2303.82,2303.82,2303.82,2303.82,0.00514156,63.234964611002084,2301.6099498596614,2302.091,2.6888077483704365,3.2858183957991827,2304.657337180946,2297.993662819054,-18.441064638780293,81.55893536121971,41.47691800143375,2.0482392963891423,30.341823137372568,-27.167955590000012,142.73337032602663,0.15345891170244622
2024-01-01 09:00:00,2305.21,2305.21,2304.46,2304.46,0.56537396,64.36685382093731,2302.1281407942683,2302.373,2.7347058866093903,3.175595893961224,2305.0826464412653,2298.0233535587345,-13.39285714285736,86.60714285714263,56.5623302552965,2.001222203789909,30.615598818331534,-26.602581630000014,169.66374269005172,0.07990897325655756
2024-01-01 09:05:00,2301.62,2301.62,2301.61,2301.61,0.50977518,56.08603571516174,2302.0339333771285,2302.297,2.5121507996273067,3.042906875094441,2305.0573574035193,2298.0096425964807,-64.28571428571371,35.71428571428629,67.96012131088287,2.06184918923348,29.58362679677961,-27.112356810000012,1.145091467676683,-0.0034757069805198457
2024-01-01 09:10:00,2301.47,2301.47,2300.72,2300.72,0.86617405,53.76008380967618,2301.7950363994687,2301.929,2.238158628349538,2.8819572257454604,2305.0511441686317,2298.067855831369,-80.17857142857696,19.821428571423045,47.380952380950646,1.9781456757168263,28.267039581005285,-27.978530860000014,-38.4822752392596,-0.0399714985836218
2024-01-01 09:15:00,2300.06,2301.73,2300.06,2301.73,2.06723249,55.99061028708842,2301.783211599565,2301.696,2.0785561166262596,2.7212770039216205,2304.738573008754,2298.797426991246,-62.142857142858475,37.857142857141525,31.130952380950276,1.9561352703084867,26.779813768999297,-25.911298370000015,-35.66465956460139,-0.027797443503862228
2024-01-01 09:20:00,2302.41,2302.41,2302.41,2302.41,0.42884428,57.477839439922654,2301.8971731269166,2301.7709999999997,1.9840691787617288,2.5738354388896423,2304.581666217709,2299.3233337822917,-50.00000000000406,49.99999999999594,35.892857142853494,1.864982751000726,25.63463688386881,-25.482454090000015,32.16610187725691,-0.08635653532373877
2024-01-01 09:25:00,2302.34,2302.49,2302.34,2302.49,2.30045645,57.65912288750131,2302.0049598311134,2301.9,1.893812242500644,2.4378307996118425,2304.627959612952,2299.354040387048,-48.571428571433906,51.428571428566094,46.42857142856784,1.7424839830720766,24.59994043553803,-23.181997640000017,30.211738563771206,-0.06814058661667508
2024-01-01 09:30:00,2303.49,2303.49,2302.21,2302.53,27.74585709,57.75609827868021,2302.1004216800015,2302.061,1.804707095942831,2.3112060588780405,2304.6695985443152,2299.4764014556845,-47.85714285714071,52.14285714285929,51.19047619047377,1.7094494128526243,24.0015694093397,4.563859449999985,43.36007716253492,0.03779880607910576
2024-01-01 09:35:00,2302.76,2305.09,2302.21,2305.09,2.81368698,63.51546992418057,2302.6439813745465,2302.447,1.9185454330163338,2.232673933705699,2305.0872681918563,2299.538731808144,-2.1428571428552288,97.85714285714477,67.14285714285671,1.7930601690774446,23.982006227085893,7.377546429999985,120.4287106203167,0.169042238831928
2024-01-01 09:40:00,2306.71,2307.04,2305.25,2307.04,0.09890248,67.18539798511652,2303.443257488265,2303.19,2.1414268032817745,2.2144245076209144,2305.9910588656176,2299.0769411343817,-0.0,100.0,83.33333333333468,1.8042701570004713,24.537008496090063,7.476448909999984,213.41693127386665,0.26598056429601596
2024-01-01 09:50:00,2305.04,2305.08,2302.41,2302.41,1.74478201,53.44027722608697,2303.255392490398,2303.049,1.9223005058734088,2.1559997072714134,2306.0060849815377,2299.1339150184626,-62.31493943472693,37.68506056527307,78.5140678074726,2.006108002929017,23.719426546778497,5.7316668999999845,39.59779320161946,0.05127692581792504
2024-01-01 09:55:00,2300.82,2300.82,2299.33,2299.5,10.45252269,46.94024251327779,2302.5725938557803,2302.553,1.496577047723349,2.0241151753618007,2306.1335427392073,2298.792457260793,-97.79507133592644,2.204928664073566,46.6299964097822,2.0828145741483675,22.236726334586223,-4.720855790000016,-129.92186944205807,-0.004783419797275509
2024-01-01 10:00:00,2301.4,2301.4,2301.4,2301.4,0.7,51.120641789148365,2302.359394972911,2302.532,1.2975449702812512,1.878801134345691,2306.1141944468895,2298.71480555311,-73.15175097276065,26.84824902723935,22.246079418861985,2.0697563902806335,20.65415518381059,-4.020855790000016,-49.352632519444924,-0.10504292870103014
2024-01-01 10:05:00,2301.33,2301.33,2301.33,2301.33,0.05370396,50.96133933773506,2302.1722322505634,2302.593,1.1212372746181245,1.7272883624001778,2305.8721322324645,2298.6498677675354,-74.0596627756162,25.940337224383793,18.33117163856556,1.9269166481177429,19.210486180862922,-4.074559750000016,-47.87181755628321,-0.13582357689003538
2024-01-01 10:15:00,2303.94,2304.05,2303.94,2304.05,0.5825,56.61835896194056,2302.5136445686426,2302.825,1.1873068888471607,1.6192920676895743,2305.870638363047,2298.6503616369528,-38.78080415045094,61.21919584954906,38.00259403372406,1.9835654589664937,18.75131409904539,-3.4920597500000157,85.73406111547143,0.10601274759842261
2024-01-01 10:20:00,2306.15,2306.22,2306.15,2306.22,0.6699963,60.53026822939218,2303.187527374344,2303.206,1.3986456818884108,1.5751627905293417,2306.474547039405,2298.5024529605957,-10.635538261999478,89.36446173800051,58.84133160397778,1.9968822118974312,18.958055420606904,-2.822063450000016,161.22434071151528,0.23905559998609133
2024-01-01 10:30:00,2306.25,2306.95,2304.95,2306.95,10.93294271,61.778898349604084,2303.8716133062812,2303.652,1.6065191444490665,1.581434061313287,2307.1585672841784,2298.3934327158213,-1.1673151750991582,98.83268482490084,83.13878080415013,1.9971049110476147,18.6541678867908,8.110879259999985,139.5247696991198,0.22678593927175647
2024-01-01 10:35:00,2306.74,2306.74,2306.08,2306.08,0.71,59.3684041917967,2304.2731381596845,2304.007,1.6816733485125042,1.6014819187531306,2307.5545061663884,2298.513493833612,-12.451361867704692,87.54863813229531,91.91526156506553,1.9165974174013487,18.37198660539013,7.400879259999985,120.90126396774784,0.15939819580353076
2024-01-01 10:40:00,2305.59,2305.72,2305.59,2305.72,0.79,58.3537854289497,2304.5362039488327,2304.07,1.6926725300609178,1.6197200410146881,2307.8438474241716,2298.673152575828,-17.120622568095428,82.87937743190457,89.7535667963669,1.8146976018726655,17.894363573360078,6.610879259999985,87.73309502531448,0.14028291110927815
2024-01-01 10:45:00,2307.64,2307.64,2305.24,2305.38,0.5817647,57.35678935864143,2304.689621412681,2303.904,1.6548778998771922,1.626751612787189,2307.897899217445,2299.1961007825544,-27.1961492178072,72.8038507821928,81.07728878213088,1.8565049160246245,18.08131928526233,6.029114559999985,93.06713068962632,0.1237768889004664
2024-01-01 11:00:00,2303.23,2303.23,2296.12,2296.12,4.32384538,38.209346698791286,2303.131508428557,2303.275,0.8677182562878443,1.4749449414873204,2308.5799870801206,2297.744012919879,-100.0,0.0,51.894409404699104,2.3853259934514526,18.23671561320607,1.705269179999985,-156.96105740344862,-0.38913881887476215
2024-01-01 11:05:00,2295.27,2300.4,2295.27,2300.4,11.68461547,47.01386589504352,2302.634870532456,2303.365,0.582533712093209,1.2964626956084981,2308.4706708900617,2297.447329109938,-58.52869846402462,41.47130153597538,38.091717439389384,2.5813741367763567,18.568067015388525,13.389884649999985,-132.2315748363361,-0.28781468895207163
2024-01-01 11:10:00,2300.38,2300.38,2300.38,2300.38,0.1838793,46.98017842242289,2302.224894072009,2303.263,0.3508645254783005,1.1073430615824587,2308.494791755872,2297.300208244128,-58.69037995149416,41.30962004850584,27.593640528160396,2.39841884129233,18.875750460272236,13.206005349999986,-76.26519968134842,-0.08816848432728078
2024-01-01 11:15:00,2299.69,2299.85,2299.69,2299.85,0.96267928,46.03873037056579,2301.7930951498256,2303.1150000000002,0.12307966957814642,0.9104903831815963,2308.5312577887876,2297.176742211212,-62.97493936944246,37.02506063055754,39.93532740501291,2.2763889240571675,19.32666899648179,12.243326069999986,-89.89698793706614,0.015220700152203046
2024-01-01 11:20:00,2301.65,2301.65,2299.35,2299.35,3.07308514,45.12012120366932,2301.3488960316754,2302.645,-0.09667290606557799,0.7090577253321615,2308.5982363077355,2296.871763692264,-67.01697655618462,32.983023443815384,37.105901374292905,2.2780754294816683,19.05052536100013,9.170240929999986,-77.33032314037622,-0.08907621447815164
2024-01-01 11:25:00,2298.98,2298.98,2298.21,2298.21,0.95281429,43.01282800989221,2300.77818766228,2301.844,-0.35868221283999446,0.4955097376977304,2308.711690553143,2296.3383094468572,-76.2328213419557,23.767178658044305,31.258420910805736,2.1967843273758256,19.0980381073844,8.217426639999987,-110.04827067004133,-0.1355737769029166
2024-01-01 11:30:00,2302.16,2304.62,2302.16,2304.62,2.42672997,55.57624633313013,2301.4766989964105,2301.611,-0.04853358181890144,0.38670107379440405,2308.885085451591,2296.377914548409,-24.41390460792246,75.58609539207754,44.112099164645734,2.4977283039918277,18.133847521389292,10.644156609999987,29.338172260582848,0.024739046461652696
2024-01-01 11:35:00,2303.92,2304.07,2302.32,2302.32,0.44,51.213410205850025,2301.6300264516085,2301.2349999999997,0.011537665639934858,0.3116683921635102,2308.8759369301656,2296.3660630698346,-43.00727566693416,56.99272433306584,52.115332794395876,2.4836048537066775,17.238527691536692,10.204156609999988,5.701862868897754,-0.16910789083433655
2024-01-01 11:40:00,2300.74,2301.9,2300.74,2301.9,5.3029326,50.434806994085534,2301.679112551316,2300.853,0.02496627643404281,0.25432796901761673,2308.618386469665,2296.304613530335,-46.40258690379816,53.59741309620184,62.05874427378172,2.4190616498705135,16.092148755261565,4.9012240099999875,-27.227711973487104,-0.21890374737205953
2024-01-01 11:45:00,2302.44,2302.44,2299.59,2299.82,1.0538793,46.652102267344446,2301.3410920874403,2300.297,-0.1307231741002397,0.17731774039404544,2307.981736179609,2296.219263820391,-63.21746160064493,36.78253839935507,49.124225276207575,2.4498429605940415,15.366240479987637,3.8473447099999873,-45.329641949536,-0.27145632415179716
2024-01-01 11:55:00,2300.68,2300.68,2300.41,2300.46,0.33390201,47.9457894219864,2301.1808935260874,2300.7309999999998,-0.2001582345001225,0.10182254541521185,2307.92499324555,2296.0810067544494,-58.043654001616005,41.956345998383995,44.11209916464696,2.336282749123015,14.692182795804703,4.181246719999987,-44.113070064621674,-0.22812830699303313
2024-01-01 12:00:00,2301.39,2301.43,2299.63,2299.63,10.90052348,46.375137437222065,2300.8989128849803,2300.654,-0.31848874353727297,0.01776028762471489,2307.9207654313896,2296.0982345686107,-64.7534357316074,35.24656426839261,37.99514955537722,2.2979768384713517,14.310614096755371,-6.719276760000013,-52.762893811336156,-0.24941658208191275
2024-01-01 12:05:00,2301.79,2301.79,2301.79,2301.79,0.00402138,50.88443581292015,2301.0609287240745,2300.795,-0.23526063815552334,-0.03284389753133275,2307.934664738227,2296.123335261773,-47.291835084882464,52.708164915117536,43.30369172729804,2.288121350009102,13.817632038473024,-6.715255380000013,-10.281144593939041,0.24693831332857485
2024-01-01 12:10:00,2301.68,2301.68,2301.68,2301.68,0.07468733,50.65084642665961,2301.173487137879,2300.978,-0.17614732894571716,-0.06150458381420963,2307.9458466587694,2296.1471533412296,-31.44385026738057,68.55614973261943,52.17029297204318,2.1325412535798898,13.398275427988779,-6.7899427100000125,-13.906753910106444,0.05564249695703987
2024-01-01 12:15:00,2301.79,2302.09,2300.55,2300.72,2.49139759,48.555897871900456,2301.091034930992,2301.1150000000002,-0.20440730231212,-0.09008512751379172,2307.731539968277,2296.028460031723,-41.71122994652544,58.28877005347456,59.85102823373717,2.090216878324181,13.405851626741017,-9.281340300000013,-26.433419256425392,0.014780166755044418
2024-01-01 12:20:00,2303.05,2307.87,2303.05,2307.87,2.02732255,61.370945524958174,2302.323574034448,2302.081,0.34615149123055744,-0.0028378037649218896,2308.0961934224283,2295.828806577572,-0.0,100.0,75.61497326203131,2.4516299584438883,13.507098376813147,-7.2540177500000125,122.20551958062843,0.348718394677913
2024-01-01 12:25:00,2308.24,2308.73,2308.24,2308.73,0.6175509,62.578435858324774,2303.4883787554572,2302.492,0.8421602156163317,0.16616180011132883,2308.514880771728,2295.5881192282723,-0.0,100.0,86.09625668449151,2.337942104269334,13.835059875388046,-6.636466850000012,174.27498591049647,0.4079413747363433
2024-01-01 12:30:00,2307.3,2310.93,2305.76,2305.76,23.62834708,56.06104919594334,2303.9014007999194,2302.836,0.9842506952272743,0.32977957913451794,2308.4603812440655,2295.6106187559344,-40.64465408804795,59.35534591195205,86.45178197065069,2.5402319539643545,13.239710319595224,-30.264813930000013,138.89181502160145,0.328516541134195
2024-01-01 12:35:00,2308.52,2311.75,2308.52,2309.66,9.43714933,61.70160838049595,2304.9484188362976,2303.612,1.395469724036957,0.5429176081150058,2309.3060673461378,2295.1589326538624,-15.43574593796271,84.56425406203729,81.3065333246631,2.7866439572525996,12.93390404684227,-20.827664600000013,179.11592295255997,0.2186911508187885
2024-01-01 12:40:00,2310.76,2316.79,2310.76,2316.78,30.73451202,69.41976186964834,2307.0996154115164,2305.308,2.2697242939129865,0.888278945274602,2312.2407389777095,2293.364261022291,-0.05813953488234673,99.94186046511766,81.28715347970233,3.0968836745917074,13.917993825566231,9.906847419999988,235.35704117686393,0.628062128635465
2024-01-01 12:45:00,2316.54,2317.73,2312.55,2312.55,16.22406177,61.49125690098707,2308.090594427604,2306.5170000000003,2.5913798766482614,1.2288991315493338,2313.445023164638,2293.8029768353617,-28.555678059536234,71.44432194046377,85.3168121558729,3.2456776978351454,15.029093946439483,-6.317214350000011,178.90311693886372,0.4626612798123329
2024-01-01 12:50:00,2314.22,2314.23,2314.22,2314.23,1.0,63.28478370638206,2309.2068499862216,2307.977,2.947874935753134,1.572694292390094,2315.037366395379,2293.59363360462,-19.29437706725482,80.70562293274517,84.0306017794422,3.1338435765611945,16.060829772964645,-5.317214350000011,146.5286342514718,0.6265707751041322
2024-01-01 12:55:00,2313.38,2316.6,2313.3,2315.15,13.8029551,64.26628291054577,2310.287422715999,2309.313,3.2669764785187,1.9115507296158154,2316.5933472952493,2293.514652704751,-14.22271223814744,85.77728776185256,79.30907754502049,3.1457118925210894,17.51894296191647,8.485740749999989,133.24459219618217,0.6385679385861981
2024-01-01 13:00:00,2314.79,2315.42,2313.68,2313.68,7.2378749,61.44003965563959,2310.904254949454,2310.513,3.36248935130061,2.2017384539527747,2317.607586620843,2293.883413379157,-22.375690607735923,77.62430939226408,81.36907336228727,3.045303900198171,18.8729052088003,1.2478658499999895,107.58762357170447,0.6109678513499879
2024-01-01 13:05:00,2312.61,2316.57,2312.35,2315.75,11.91569511,63.85084529045908,2311.7852995040985,2312.0160000000005,3.564130612297504,2.4742168856217206,2318.8071101473784,2294.323889852622,-10.939226519337172,89.06077348066283,84.15412354492649,3.129210764469749,19.53857415381371,13.16356095999999,102.29455753708497,0.6064845185703317
2024-01-01 13:10:00,2316.77,2317.78,2315.93,2316.59,10.64514063,64.81225968775105,2312.6588814124443,2312.888,3.7485033311718325,2.729074174731743,2319.8382046670376,2295.1307953329615,-6.906558328497117,93.09344167150289,86.59284151480993,3.050695709864781,20.444547404838627,23.80870158999999,112.00951104263689,0.64778770289529
2024-01-01 13:15:00,2317.37,2318.88,2315.57,2315.57,21.56597297,62.633910144373466,2313.1881757010906,2313.572,3.768869383496167,2.937033216484628,2320.7932297213247,2295.2707702786756,-18.057828696126343,81.94217130387366,88.03212881867978,3.0692174448744356,21.537952117641435,2.2427286199999905,98.23668844308358,0.6454501199624624
2024-01-01 13:20:00,2312.16,2312.16,2307.77,2307.77,6.76277094,49.05578640757087,2312.2030528463465,2313.773,3.1196533916299813,2.9735572515136988,2320.7961091437583,2295.812890856242,-60.6110201854892,39.3889798145108,71.47486426329577,3.4071304845262746,20.204944002262664,-4.52004232000001,8.926119612418558,-0.004332999692353082
2024-01-01 13:25:00,2308.28,2311.26,2306.42,2310.27,11.12702898,52.602421303238216,2311.851588692465,2313.8340000000003,2.7748869775855383,2.9338231967280666,2320.884777995031,2296.561222004969,-54.39039797852285,45.60960202147715,55.646917713287195,3.5094783070601223,19.316560737730015,6.606986659999991,5.5803475464575945,0.06670333906519876
2024-01-01 13:30:00,2310.57,2310.57,2310.08,2310.08,5.12049072,52.304392623302164,2311.5294816574715,2313.1639999999998,2.4579915024501133,2.838656857872476,2320.6977527455633,2297.7742472544364,-67.07317073170927,32.92682926829074,39.308470368092884,3.293801285127273,18.491633420663984,1.4864959399999904,12.33492554087801,0.1873568801609755
2024-01-01 13:35:00,2310.4,2314.06,2308.04,2313.72,3.9801629,57.296133045588654,2311.927757719749,2313.281,2.4720706429857273,2.765339614895127,2320.772413263573,2299.0255867364276,-39.32926829268561,60.67073170731439,46.40238766569408,3.488529764761038,17.62587739430901,5.46665883999999,30.532896967662218,0.17578344864611872
2024-01-01 13:40:00,2313.18,2313.18,2311.81,2311.81,2.64228622,54.09678330167941,2311.906347225249,2313.0389999999998,2.3025648910638665,2.672784670128875,2320.325713786847,2300.690286213153,-56.74157303370902,43.25842696629098,45.61866264729869,3.375777638706668,16.821961084122254,2.8243726199999903,29.015920982674565,-0.21452187950518625
2024-01-01 13:45:00,2311.71,2313.19,2309.85,2313.18,3.59946755,55.99485136526744,2312.137920457022,2312.8419999999996,2.252808932822063,2.588789522667513,2320.095115815749,2302.0598841842507,-45.74638844301971,54.25361155698029,52.72759007686188,3.3732220930847734,15.763459315896984,6.42384016999999,19.12254821613389,0.027242654212866937
2024-01-01 13:50:00,2313.08,2313.08,2311.16,2311.16,0.33070602,52.54488699523434,2311.960116737563,2312.5899999999997,2.027013707045171,2.476434359543045,2319.473460047896,2303.629539952105,-61.958266452650335,38.041733547349665,45.18459069020697,3.2765633721501457,14.78056481683066,6.09313414999999,5.3197347842288245,-0.13265751459449424
2024-01-01 14:00:00,2308.88,2311.13,2306.47,2311.0,8.4151916,52.270177428116575,2311.785550058006,2312.115,1.814245211555317,2.3439965299454992,2318.253974690944,2305.8770253090565,-63.24237560192685,36.75762439807315,43.017656500801024,3.377523131282282,15.122937180032219,-2.3220574500000097,-64.10676451958982,-0.17925404401443062
2024-01-01 14:05:00,2311.26,2312.17,2311.26,2312.17,2.94363789,54.15756696827361,2311.8554500474593,2311.673,1.7202044220798598,2.2192381083723713,2318.1621714461494,2306.3988285538503,-53.8523274478332,46.1476725521668,40.31567683252986,3.219842907619267,15.090163757548897,0.6215804399999905,-11.471753970789939,-0.06526399502090884
2024-01-01 14:10:00,2314.58,2315.45,2314.3,2315.45,9.03943711,59.04671445801353,2312.5090045842844,2311.6609999999996,1.8885746933219707,2.153105425362291,2318.415673303192,2306.8173266968083,-27.528089887642704,72.47191011235729,51.792402354199076,3.2241398427893015,14.05732725172456,9.66101754999999,72.92079765384513,-0.012954766274432986
2024-01-01 14:15:00,2314.9,2314.9,2313.04,2314.48,3.09046,57.10700174294923,2312.8673673871417,2312.332,1.921587587391059,2.106801857768045,2317.9680096379175,2308.136990362083,-35.31300160513706,64.68699839486294,61.10219368646233,3.1659869968757697,13.440322501924328,6.5705575499999895,38.965453145313155,-0.09108215092010788
2024-01-01 14:20:00,2312.3,2312.72,2312.3,2312.72,1.02160633,53.66241216618245,2312.840573316752,2312.577,1.7851550959935594,2.042472505413148,2317.8733580741555,2308.5376419258446,-49.438202247193345,50.561797752806655,62.57356875334229,3.0955593542417748,13.067216871141536,5.5489512199999895,-15.879488050731787,-0.1230798464309161
2024-01-01 14:25:00,2315.99,2316.71,2312.23,2313.73,29.81545814,55.327664945360425,2313.0022872591603,2312.942,1.7384896956564262,1.9816759434618036,2317.4342651141487,2308.671734885851,-41.332263242376214,58.667736757623786,57.972177635097786,3.194447971795935,12.679944319915744,35.36440935999999,41.48428973519745,0.25825797198161154
2024-01-01 14:30:00,2314.1,2314.1,2312.82,2313.34,5.39820979,54.51300791888235,2313.0636895756766,2312.9039999999995,1.6510055250714686,1.9155418597837366,2317.4691556867606,2308.715844313239,-32.75024295432364,67.24975704567636,58.82643051870226,3.057701688096207,12.32033409377751,29.96619956999999,15.619584691758115,0.1328849008990362
2024-01-01 14:35:00,2312.95,2312.95,2312.92,2312.92,0.67702229,53.5977398542647,2313.037564198281,2313.0150000000003,1.5301446446978844,1.8384624167665664,2317.372701784575,2308.681298215425,-36.83187560738559,63.16812439261441,63.02853939863817,2.869294424660769,11.986410312363432,29.28917727999999,0.6569343065704059,0.12293946529990933
2024-01-01 14:40:00,2312.23,2312.23,2310.73,2310.73,2.91321667,48.97983492159811,2312.618007071321,2312.77,1.2433146712460257,1.7194328676624582,2317.1469187968046,2308.4650812031946,-58.39843749999883,41.60156250000117,57.33981464609732,2.8207733943278606,11.286205674508077,26.37596060999999,-55.69859571873951,-0.1292291202046826
2024-01-01 14:45:00,2312.4,2313.22,2312.4,2313.22,2.60255132,53.84864550259773,2312.7274603310807,2312.976,1.2030539835418494,1.6161570908383365,2317.110004044423,2308.455995955577,-34.08203125000152,65.91796874999848,56.895885214204675,2.7971467233044263,10.634716661911906,28.97851192999999,11.264282890340828,0.06099117141979032
2024-01-01 14:50:00,2313.67,2313.67,2312.73,2312.73,14.18825492,52.78120967576783,2312.727922089066,2313.1490000000003,1.1187123737045113,1.5166681474115715,2316.7395179854084,2308.5244820145917,-38.86718749999928,61.13281250000072,56.21744791666678,2.6644933859255424,10.172379374665356,14.790257009999989,19.767361828057698,-0.019453739008629598
2024-01-01 14:55:00,2313.94,2313.94,2312.87,2312.87,1.32473191,53.067467666469526,2312.7537544365086,2313.219,1.0510519970657697,1.4235449173424113,2316.1353760990783,2308.7566239009216,-37.500000000000554,62.499999999999446,63.18359374999954,2.5606010012165776,9.83216299144963,16.114988919999988,38.91465677179785,0.07398881946728209
2024-01-01 15:00:00,2313.97,2315.15,2313.97,2315.15,0.41045362,57.57797742813521,2313.1894354480523,2313.189,1.1679442718127575,1.3724247882364806,2316.0471789023254,2308.802821097675,-15.234374999999115,84.76562500000088,69.46614583333367,2.540558072558265,9.915568178160795,16.525442539999986,122.491406800004,0.17957594115102082
2024-01-01 15:05:00,2317.31,2325.7,2317.09,2324.69,42.52438904,70.39763159108477,2315.28044718477,2314.21,2.0072422731468578,1.499388285218556,2319.2717962805327,2307.2702037194667,-5.252210088402301,94.74778991159769,80.67113830386599,3.1126610673755124,12.261834125241547,59.04983157999999,380.0653464557444,0.5414826764468003
2024-01-01 15:10:00,2323.04,2328.52,2322.4,2327.96,5.37135579,73.3683843823057,2317.5858204239025,2315.734,2.9027920773469305,1.780069043644231,2322.7713191137273,2305.5396808862724,-3.147835862843994,96.85216413715601,92.12185968291817,3.3274709911343967,14.821394535169206,64.42118736999998,344.7612738197071,0.5402837461400687
2024-01-01 15:15:00,2329.91,2331.62,2325.7,2326.93,12.32912639,70.9530068899727,2319.284762165011,2317.054,3.4891881680750885,2.1218928685304026,2325.033374631795,2304.962625368205,-22.450933460986516,77.54906653901348,89.71634019592238,3.512651634624802,17.566413002922257,52.092060979999985,268.7072440496982,0.537917804431225
2024-01-01 15:20:00,2326.34,2330.45,2326.34,2330.45,3.76372,74.09206258114975,2321.314805407736,2318.7650000000003,4.189650197356968,2.535444334295716,2327.8900389344685,2303.7789610655313,-5.600765916706941,94.39923408329305,89.60015491982084,3.5553193750087213,20.115358722978666,55.855780979999984,206.18106255746486,0.7666297692760049
2024-01-01 15:25:00,2329.88,2330.67,2327.64,2328.97,11.10082489,70.63565043233464,2322.7066589699657,2320.37,4.572637255086647,2.9428829184539023,2329.870523941415,2303.5144760585854,-12.685495452370068,87.31450454762994,86.42093505664548,3.5177965625081127,22.50931631390628,44.754956089999986,159.5193233680775,0.6586766822403557
2024-01-01 15:30:00,2327.89,2327.9,2323.73,2325.37,9.14225689,62.94377736310533,2323.190902793608,2321.834,4.533409026754271,3.260988140113976,2330.894888729056,2303.709111270944,-29.918621349928376,70.08137865007163,83.93170576033152,3.6408110937575175,23.25783921768753,35.61269919999999,98.31582801308983,0.5200273198059837
2024-01-01 15:35:00,2324.73,2326.1,2324.73,2325.44,0.68927562,63.02808372410566,2323.5998295584063,2323.056,4.456595924479643,3.5001096969871095,2331.7429084647815,2304.2890915352177,-29.583532790808395,70.41646720919161,75.93745013563104,3.4786103013462584,23.95289619977012,36.301974819999984,82.65763398788275,0.5413070923334997
2024-01-01 15:40:00,2327.37,2327.37,2327.37,2327.37,0.010755,65.36759832050001,2324.2853150932415,2324.5199999999995,4.499587415010865,3.700005240591861,2332.74143564379,2304.92756435621,-20.344662517951296,79.65533748204871,73.38439444710396,3.367995279821514,24.828901178632794,36.31272981999999,90.40192065219304,0.7201187503516149
2024-01-01 15:45:00,2326.89,2327.46,2326.74,2326.83,6.28461304,64.14457465121362,2324.7479850762884,2325.916,4.438915934202214,3.847787379313932,2333.5373316024397,2305.5976683975605,-22.929631402584935,77.07036859741507,75.7140577628851,3.1788527598342813,25.398206053453542,30.028116779999987,76.97127470550191,0.588357354683088
2024-01-01 15:50:00,2329.0,2329.0,2326.62,2326.62,0.67572082,63.645859335008204,2325.088351426054,2327.063,4.32404322491675,3.9430385484344956,2334.2845767646513,2305.967423235349,-26.014568158168846,73.98543184183116,76.90371264043164,3.121791848417555,26.224251417320367,29.35239595999999,72.77724449695503,0.6005889143998595
2024-01-01 15:55:00,2327.62,2327.91,2326.42,2326.42,3.70728794,63.142348418102166,2325.3304693485898,2327.236,4.168811977186579,3.9881932341849127,2334.885876967641,2306.560123032359,-27.527792482794354,72.47220751720565,74.50933598548394,3.005235287816286,26.907246324644007,25.645108019999988,61.7180435676118,0.585852209592419
2024-01-01 16:00:00,2328.32,2328.32,2326.68,2326.68,27.38857273,63.54609681233931,2325.575838557937,2327.1079999999997,4.0204249656922,3.9946395804863704,2335.3107745122275,2307.531225487772,-26.34666666666696,73.65333333333304,73.37032423078993,2.926289910115129,27.626830292698205,53.03368074999999,59.5079029949431,0.49802388614127574
2024-01-01 16:05:00,2326.61,2326.61,2326.61,2326.61,0.02087034,63.34490781250486,2325.763867911039,2327.076,3.852766481294566,3.96626496064801,2335.6599159615107,2308.4700840384894,-28.385269121811547,71.61473087818845,72.58009057624237,2.722269202249742,28.26164388676671,53.012810409999986,49.02666346811598,0.08259165738227775
2024-01-01 16:10:00,2324.84,2325.08,2324.84,2325.08,0.64509211,58.951624573596135,2325.6395282908497,2326.5389999999998,3.5554526660962438,3.8841025017376567,2335.6917999984867,2309.6122000015125,-45.01032346868602,54.98967653131398,66.7525802476118,2.6542499735176164,28.02244420300864,52.367718299999986,27.930413546324246,-0.12371346586711579
2024-01-01 16:15:00,2323.36,2323.58,2321.7,2321.7,0.89781405,50.6021950337347,2324.923250419786,2325.8120000000004,3.012366883064715,3.7097553780030683,2335.3590233126833,2310.8229766873164,-100.0,0.0,42.2014691365008,2.7060892611235086,26.55406100718617,51.469904249999985,-9.517911204356606,-0.22475966187208118
2024-01-01 16:20:00,2323.95,2324.9,2323.95,2324.75,0.8926951,56.57851112592719,2324.8917503434614,2325.75,2.7958481996865885,3.5269739423397723,2334.6791660224576,2312.904833977543,-69.2540322580629,30.745967741937093,28.57854809108368,2.741368599614706,25.58366849390328,52.36259934999998,12.360794396581698,-0.24458795511595696
2024-01-01 16:25:00,2326.8,2329.8,2326.79,2329.8,2.75744975,64.28348553492421,2325.7841593719227,2326.186,2.9971985394931835,3.421018861770455,2334.6533076109417,2314.5886923890585,-9.698996655516902,90.30100334448309,40.34899036214005,2.9062708424993824,25.87671717021529,55.12004909999998,77.62683419136646,0.0356380717656467
2024-01-01 16:30:00,2329.91,2332.32,2328.86,2331.08,6.16721954,65.93353453308146,2326.7470394861184,2326.557,3.2229038081227372,3.3813958510409114,2334.333073952191,2316.743926047808,-11.676082862525387,88.32391713747461,69.79029607463158,2.9458229251780006,26.63177688884894,61.28726863999998,118.5442888376809,0.24555232070595373
2024-01-01 16:35:00,2330.23,2332.93,2330.23,2332.93,0.58949575,68.21883852290321,2327.8712141250057,2327.167,3.510588519349767,3.4072343847026825,2333.7629382916825,2319.320061708318,-0.0,100.0,92.87497349398588,2.928264144808131,27.443910782558422,61.87676438999998,156.27347514612413,0.3220895830466398
2024-01-01 16:40:00,2333.56,2333.56,2330.87,2330.87,1.2456828,63.139596802562274,2328.416447920459,2327.5919999999996,3.531645332768676,3.4321165743158812,2332.5688657571845,2322.086134242816,-22.681281618887233,77.31871838111277,88.54754517286244,2.91124527732184,28.315292272166683,60.63108158999998,154.96808450545493,0.15038433940456397
2024-01-01 16:45:00,2333.5,2339.5,2333.5,2337.91,9.5606421,71.06767632341875,2330.1425482985574,2328.741,4.069491607296186,3.5595915809119427,2334.824493782954,2321.152506217046,-8.932584269663648,91.06741573033635,89.46204470381635,3.319727757513145,30.03792206535095,70.19172368999998,259.79660562920805,0.4761843366296604
2024-01-01 16:50:00,2338.73,2340.68,2338.44,2338.97,8.73281804,72.04271273575313,2331.7475395170013,2329.9700000000003,4.529063570446397,3.7534859788188335,2336.8838856193834,2320.194114380616,-9.009483667018097,90.9905163329819,86.458883481477,3.2804614891193475,31.78484616953416,78.92454172999997,245.71190042502232,0.5308129389414649
2024-01-01 16:55:00,2335.93,2335.93,2335.07,2335.86,2.03229361,65.10969389821388,2332.4952596048192,2330.895,4.589422646185994,3.9206733122922657,2337.876017364057,2320.0949826359424,-25.39515279241151,74.60484720758849,85.5542597569689,3.3247142398965113,32.1083799492953,76.89224811999998,134.41661797594693,0.4057736780117113
2024-01-01 17:00:00,2339.19,2343.54,2339.01,2341.07,19.35830332,70.27115214637534,2334.054303313034,2332.4939999999997,5.000023943176075,4.136543438469028,2339.845659259137,2319.1873407408634,-11.309523809522817,88.69047619047718,84.76194657701585,3.6358060799038916,33.42095627140999,96.25055143999998,190.2674074769648,0.6184778310726154
2024-01-01 17:05:00,2343.29,2347.27,2340.85,2346.2,15.88866405,74.30227987336697,2336.2626118015733,2334.944,5.673970555425967,4.444028861860416,2343.000634590315,2317.7553654096846,-4.1845913179513365,95.81540868204867,86.37024402670477,3.834677074196476,35.01150716528477,112.13921548999998,193.33904820583322,0.8419975844683764
2024-01-01 17:10:00,2346.36,2348.23,2342.28,2342.28,10.05166343,66.84360417125117,2337.356682383105,2336.697,5.824624219661928,4.720147933420718,2344.6319649009733,2317.8150350990268,-22.42744063324453,77.57255936675547,87.35948141309376,3.9857715688967152,36.57804089949206,102.08755205999998,155.13056212147458,0.7397594921465186
2024-01-01 17:15:00,2341.93,2342.97,2337.31,2337.31,3.12387243,58.78628437379372,2337.3481946770858,2337.448,5.479812996831697,4.872080946102915,2345.1997233402117,2318.4342766597883,-41.16094986807384,58.83905013192616,77.40900606024343,4.1053593139755105,36.504644650311604,98.96367962999997,83.54972859225826,0.6723521557479488
2024-01-01 17:20:00,2337.77,2339.56,2335.59,2339.56,5.20348248,61.07389698900244,2337.7503410994336,2338.296,5.326700921999873,4.963004941282306,2346.051732878768,2318.8012671212323,-32.67998492272901,67.32001507727098,67.91054152531753,4.095690791548674,35.968401910622894,104.16716210999998,64.13453045159616,0.6370577481449595
2024-01-01 17:25:00,2339.59,2342.87,2339.59,2342.87,0.46096207,64.22025483424603,2338.681188172264,2339.29,5.410083758847122,5.05242070479527,2347.3218789774014,2319.135121022599,-22.075782537067887,77.9242174629321,68.02776089070973,4.039570020723764,35.93233008481897,104.62812417999997,91.425858601001,0.5609923598592028
2024-01-01 17:30:00,2343.88,2343.91,2341.39,2341.39,1.61293528,61.81436890689165,2339.17369941367,2340.342,5.295696138042331,5.101075791444682,2348.1454824293946,2319.7885175706047,-31.902985074627463,68.09701492537253,71.11374915519185,3.9310293049577796,36.036637605523886,103.01518889999997,86.15687195954679,0.44228426308835156
2024-01-01 17:35:00,2338.66,2338.66,2338.66,2338.66,0.05976021,57.532789033409244,2339.0802995202753,2340.4170000000004,4.92794861589573,5.066450356334892,2348.45504396075,2320.7029560392493,-49.40629839958812,50.59370160041188,65.53831132957215,3.8452414974607967,35.36878438456521,102.95542868999998,43.96843897539342,0.24561388468578219
2024-01-01 17:40:00,2340.84,2342.33,2340.3,2342.33,8.25132381,61.403175126514185,2339.6711541529526,2340.7529999999997,4.8764319120382424,5.028446667475562,2349.1321982757113,2321.5908017242887,-32.77777777777828,67.22222222222172,61.97097958266869,3.8327242476421732,35.2794987826225,111.20675249999998,70.14933597840097,0.49166191164672574
2024-01-01 17:45:00,2342.69,2343.43,2341.87,2343.43,3.09708119,62.506165478127066,2340.3545806705974,2341.5099999999998,4.868247236229308,4.9964067812263115,2349.785776298474,2322.6192237015257,-27.6497695852543,72.3502304147457,63.38871807912642,3.6703868013820142,35.34569489311626,114.30383368999998,78.23754789271986,0.23610831896865073
2024-01-01 17:50:00,2341.94,2341.94,2340.9,2340.9,0.23819915,58.37422744798562,2340.453747821398,2341.493,4.604532778131215,4.918031980607292,2349.7086079822666,2324.2783920177335,-49.76238968092273,50.23761031907727,63.270020985348204,3.588930601283281,35.12296940753886,114.06563453999998,54.91001527743163,0.0825149531631569
2024-01-01 17:55:00,2340.98,2340.98,2339.49,2339.49,1.40056796,56.14662408140183,2340.2785209447798,2340.8219999999997,4.232966945967746,4.781018973679384,2348.5120829331936,2327.253917066806,-66.4133738601849,33.586626139815095,52.058155624546,3.4390069869059205,34.50315075754203,112.66506657999997,33.06084827971308,0.15540314916132192
2024-01-01 18:00:00,2341.59,2342.77,2339.57,2341.98,31.73806818,59.113896126493316,2340.5878807730014,2340.792,4.092247653577942,4.643264709659096,2347.6254131850683,2329.8635868149313,-47.492401215806,52.507598784194,45.44394508102877,3.4276493449840832,34.223979663903854,144.40313475999997,51.30086969285208,0.038871114490376384
2024-01-01 18:05:00,2343.97,2346.35,2342.75,2346.03,6.06291288,63.4462741403959,2341.577356996092,2341.6639999999998,4.25843911790389,4.566299591308055,2347.9733259412205,2331.1386740587795,-17.405063291137978,82.59493670886202,56.22972054429035,3.494960106056641,34.501830525793714,150.46604763999997,114.56870123346529,-0.007245759099804706
2024-01-01 18:10:00,2341.43,2341.43,2341.3,2341.3,0.94,55.98499845441396,2341.526928451348,2341.838,3.96279494758528,4.4455986625635004,2347.5534333297473,2332.5805666702527,-54.825949367087865,45.174050632912135,60.092195375322696,3.583177241338311,34.31468905525159,149.52604763999997,32.27148460715737,-0.041839575114846136
2024-01-01 18:15:00,2341.17,2341.17,2341.17,2341.17,1.616,55.79080415375508,2341.4620323692843,2341.668,3.675634472861475,4.291605824623096,2347.218708895847,2333.7392911041534,-55.854430379746965,44.145569620253035,57.30485232067571,3.336521724099868,34.100052602842496,147.91004763999996,20.41800041182025,0.16514711356217734
2024-01-01 18:20:00,2340.44,2340.44,2336.9,2336.9,4.07577763,49.693553251105435,2340.6325719385054,2341.219,3.068136841976866,4.04691202809385,2346.180068408749,2335.380931591251,-87.82527881040916,12.174721189590839,33.831447147585315,3.403198743807019,32.65305106739093,143.83427000999995,-89.4861686489306,-0.11369659252166453
2024-01-01 18:25:00,2337.73,2337.73,2337.05,2337.05,8.18393049,49.90068719846261,2339.981195222413,2341.058,2.5691784492096303,3.751365312317006,2346.2405278030155,2335.234472196985,-86.43122676579863,13.56877323420138,23.2963546813484,3.2193988335350836,31.309406784471626,152.01820049999995,-117.92442226415793,-0.2484132709027692
2024-01-01 18:30:00,2337.54,2337.62,2337.47,2337.47,0.62384879,50.51507595731363,2339.5246142728834,2340.572,2.1824825181333836,3.4375887534802816,2346.299104917923,2335.0258950820767,-93.96825396825693,6.031746031743068,10.591746818511742,3.0301560597111283,30.06173709318941,152.64204928999996,-100.96332960775267,-0.167421916041329
2024-01-01 18:35:00,2335.67,2335.67,2335.5,2335.5,0.77481998,47.5684046283011,2338.792866223268,2339.779,1.6974930277669955,3.0895696083376247,2346.344280609879,2334.9447193901206,-100.0,0.0,6.533506421981464,2.954430626874605,28.324250253025898,151.86722930999997,-163.2612945726338,-0.1351201115168453
2024-01-01 18:40:00,2334.34,2334.34,2333.8,2333.8,9.37351251,45.122330640546444,2337.885072364492,2339.069,1.1625583213235586,2.704167350934812,2346.7069004038926,2333.8550995961073,-100.0,0.0,2.0105820105810035,2.864828439240692,26.360012862776394,142.49371679999996,-173.42263757665123,-0.3641673034969345
2024-01-01 18:45:00,2334.23,2334.23,2332.93,2333.74,7.87818622,45.03431060605664,2337.131422843675,2338.494,0.725415080419225,2.3084168968316945,2346.0837064981793,2333.2322935018215,-93.96423248882309,6.035767511176908,2.011922503725617,2.7530549792949413,24.770351849495068,134.61553057999996,-158.92284713170508,-0.41349645604946833
2024-01-01 18:50:00,2334.28,2334.28,2334.28,2334.28,0.01495366,46.054250167899866,2336.612982326643,2337.724,0.41773402181433994,1.9302803218282236,2345.970622736362,2332.5453772636374,-89.94038748136843,10.05961251863157,5.365126676602807,2.5949796236310467,23.27904870767881,134.63048423999996,-126.79139620720089,-0.28279721474646036
2024-01-01 19:00:00,2338.37,2338.41,2338.37,2338.41,0.59778537,53.20602270948001,2336.9397128127075,2336.962,0.5013715511490773,1.6444985676923944,2345.978739568925,2332.647260431075,-59.165424739195316,40.834575260804684,18.976651763537703,2.704623936228804,22.479309279965246,135.22826960999996,-20.66775312356743,-0.04616390751830217
2024-01-01 19:05:00,2334.5,2334.9,2334.5,2334.71,2.55140465,47.17236750588361,2336.5343104831245,2336.303,0.2660291989054713,1.3688046939350098,2346.029104673405,2332.1118953265955,-86.73621460506564,13.263785394934356,21.38599105812352,2.790722226498165,21.085980765093105,132.67686495999996,-102.05712942282858,-0.3104210966788778
2024-01-01 19:10:00,2334.11,2334.11,2332.48,2332.95,1.02553454,44.582487647512494,2335.882617668011,2335.481,-0.06178636708546037,1.0826864817309159,2345.78858199293,2331.3604180070693,-96.61139149243112,3.38860850756888,19.162323054435955,2.750670638891154,20.278731019268914,131.65133041999997,-122.65417818654745,-0.5575376273960853
2024-01-01 19:15:00,2331.97,2331.97,2327.0,2327.0,5.08661481,37.155623504258195,2334.267596273827,2334.491,-0.7925616809861822,0.7076368491874963,2346.525678174209,2329.184321825791,-100.0,0.0,5.550797967501062,2.9791941646846305,20.625892502112865,126.56471560999996,-189.54965996818152,-0.6107717934480921
2024-01-01 19:20:00,2325.33,2327.6,2324.14,2327.6,7.47622209,38.27233250426419,2333.055306042222,2333.546,-1.3082111527769484,0.3044672487946073,2347.0416521498823,2327.562347850118,-79.98843262001131,20.011567379988684,7.800058629185838,3.0135374386357308,21.415106482232883,134.04093769999997,-189.78624296163076,-0.5796247175557591
2024-01-01 19:25:00,2329.5,2329.91,2328.39,2329.91,4.38807286,42.50804145933527,2332.4834322163633,2332.79,-1.5130281332080813,-0.059031827605930426,2346.6404395424993,2326.721560457501,-66.11861421021777,33.88138578978223,17.964317723256954,2.9632847644474607,21.484103602283998,138.42901055999997,-120.0988043793843,-0.29911421113441894
2024-01-01 19:30:00,2331.84,2331.84,2331.65,2331.65,0.60006197,45.53948801570049,2332.3318990861153,2332.4049999999997,-1.5174513727688463,-0.35071573663851363,2345.774723996928,2326.409276003072,-53.926380368097334,46.073619631902666,33.32219093389117,2.8894787098440915,21.026176251346957,139.02907252999998,-74.03794037940276,-0.2310605250208635
2024-01-01 19:40:00,2333.5,2333.5,2330.37,2330.37,28.44080545,43.713476289912926,2331.9751901613668,2332.062,-1.6057322428205225,-0.6017190378749154,2345.2902734678332,2325.840726532166,-56.34197617379099,43.65802382620901,41.20434308263128,2.9066588019980926,20.170152083836086,110.58826707999998,-72.0469363727135,-0.3037472138679816
2024-01-01 19:45:00,2331.81,2332.3,2331.81,2332.25,1.80370838,47.070437228321794,2332.0251555865725,2331.9129999999996,-1.5066277137402722,-0.7827007730479868,2344.8557127515237,2325.5512872484765,-43.16748423265496,56.83251576734504,48.85471974181888,2.836897458998249,19.37527249971885,112.39197545999998,-54.62688596090965,-0.13915649753800044
2024-01-01 19:50:00,2331.05,2331.05,2331.05,2331.05,0.10371513,45.2166974068526,2331.847854570832,2331.59,-1.507538664304775,-0.9276683512993444,2343.943370873526,2325.3706291264743,-51.5767344078464,48.4232655921536,49.63793506190253,2.719976211926933,18.81308511722357,112.28826032999999,-67.7350427350405,-0.11783357614191448
2024-01-01 19:55:00,2332.85,2332.85,2332.85,2332.85,0.54,48.49341665039305,2332.030062830681,2331.034,-1.3474827006239138,-1.0116312211642584,2341.697583365394,2326.298416634606,-38.962859145059234,61.037140854940766,55.43097407147979,2.6542636253607035,17.776542000387263,112.82826032999999,-27.64311353268673,-0.038136210546156506
2024-01-01 20:00:00,2334.55,2339.49,2334.55,2339.49,70.90434733,58.3823386485051,2333.386415043284,2331.512,-0.6770401911799127,-0.9447130151673894,2341.2979935559583,2326.517006444042,-0.0,100.0,69.82013548236478,2.9389590806920727,17.721016417342707,183.73260765999999,88.66796175675096,0.22319516082044918
2024-01-01 20:05:00,2341.29,2341.36,2337.76,2337.77,19.03839882,55.414406642206906,2334.18343048996,2331.9939999999997,-0.2812571402919275,-0.812021840192297,2340.5886893128604,2326.88631068714,-20.84785133565675,79.15214866434324,80.063096506428,2.986176289214061,18.015249671028457,164.69420884,121.37767220902647,-0.027369024251515887
2024-01-01 20:10:00,2337.69,2337.69,2335.69,2336.07,1.62354345,52.56985143453709,2334.526443128149,2332.9010000000003,-0.10357803044735192,-0.670333078243308,2340.47978478437,2326.9122152156297,-30.720092915214202,69.2799070847858,82.81068524970966,2.921449411413051,17.72269008552809,163.07066539,66.25104414970377,0.058251345991584706
2024-01-01 20:15:00,2335.0,2341.98,2335.0,2341.98,3.06382476,60.21571405289904,2335.881635286667,2334.3390000000004,0.5082626172138589,-0.43461393915187463,2341.5089889480296,2326.3760110519706,-0.0,100.0,82.81068524970966,3.2113458820264063,18.23011999400631,166.13449014999998,134.96544453554804,0.3870635890182045
2024-01-01 20:20:00,2341.38,2341.99,2340.64,2341.37,3.05660918,59.15573832163835,2336.87951978,2335.485,0.9331718127632485,-0.16105678876885005,2342.239632743954,2326.0353672560454,-3.4733893557417033,96.5266106442583,88.60217257634802,3.078392604738799,18.703012314168834,163.07788096999997,158.65235578798882,0.6175333046841379
2024-01-01 20:25:00,2341.0,2349.19,2341.0,2346.84,6.36458799,65.0901332764342,2338.690516183636,2337.004,1.6917967173931174,0.20951391246354348,2344.5156171127787,2324.893382887221,-9.381237524949668,90.61876247505033,95.71512437310287,3.4435074186860315,20.203830301909782,169.44246895999996,203.39864005478657,0.826602509022179
2024-01-01 20:30:00,2347.92,2349.77,2347.92,2349.29,1.34515307,67.37646802129947,2340.6176950593385,2338.896,2.4623228196833225,0.6600756939074993,2347.15129009238,2323.8067099076197,-1.8728053062817642,98.12719469371824,95.09085593767561,3.406828317351303,21.67008810958577,170.78762202999997,203.9717752979087,0.8317917859488181
2024-01-01 20:35:00,2347.87,2350.48,2347.87,2348.74,9.86602872,66.32630024882985,2342.0944777758223,2340.545,2.994076058574592,1.126875766840918,2349.2120025803238,2323.2459974196768,-7.8768673607977595,92.12313263920224,93.62302993599025,3.3499120089690764,23.123712520772163,160.92159330999996,167.62074031791263,0.7329573478009002
2024-01-01 20:40:00,2348.88,2348.88,2345.25,2345.25,5.97911171,59.941790187416856,2342.668209089309,2341.9649999999997,3.0981667607420604,1.5211339656211464,2350.3004772979434,2323.254522702057,-26.00696171059167,73.99303828940833,88.0811218741096,3.369918294042722,23.666271406984116,154.94248159999995,116.21200056069148,0.6385252127344632
2024-01-01 20:45:00,2346.19,2347.74,2345.25,2345.25,3.04163222,59.941790187416856,2343.1376256185254,2343.205,3.1444125614634686,1.845789684789611,2351.127594053107,2323.111405946893,-26.00696171059167,73.99303828940833,80.03640307267295,3.3070669873253693,24.170076087038073,157.98411381999995,99.56671546663041,0.5574016507664272
2024-01-01 20:50:00,2345.93,2349.01,2345.93,2349.01,4.97585513,64.24250526258996,2344.205330051521,2344.157,3.444754284975261,2.1655826048267413,2352.710570011959,2322.9584299880407,-7.565620174986167,92.43437982501383,80.14015213461015,3.339419345373573,24.849791551406593,162.95996894999996,105.84477251143926,0.7704682439244133
2024-01-01 20:55:00,2349.3,2352.02,2348.88,2352.02,4.7684349,67.27175568331887,2345.626179133062,2345.582,3.8809222531390333,2.5086505344892,2354.6982113122585,2322.8777886877415,-0.0,100.0,88.80913937147405,3.325175106418309,25.94763656770728,167.72840384999995,119.72782503037648,0.8217416464839178
2024-01-01 21:00:00,2352.01,2353.0,2347.19,2348.12,12.83028885,60.16026524175879,2346.0796011088687,2346.7870000000003,3.8673111483890352,2.7803826572691674,2355.2809730193694,2324.4070269806307,-24.218362282878843,75.78163771712116,89.40533918071166,3.5026625988169973,26.403947834551506,154.89811499999996,94.51823965277303,0.3688838165583144
2024-01-01 21:05:00,2349.68,2354.84,2349.28,2351.5,14.53716296,63.73806192390446,2347.0651281799833,2347.739,4.0822048851414365,3.0407471028436213,2356.197410074963,2325.8805899250365,-16.461310990636527,83.53868900936347,86.44010890882821,3.73247241318723,27.12657319180526,169.43527795999995,106.65623573896676,0.5873118399158179
2024-01-01 21:10:00,2351.4,2356.83,2349.54,2355.79,24.2419561,67.70259563308392,2348.6514685108955,2349.1809999999996,4.546270292737518,3.341851740822401,2357.8837917483565,2326.7822082516427,-4.764086120018173,95.23591387998182,84.85208020215548,3.986581526530997,28.10224820546167,193.67723405999996,115.25404503212336,0.8441527865175188
2024-01-01 21:15:00,2357.85,2371.96,2354.48,2364.63,152.12167966,74.00855518707777,2351.556656054369,2350.96,5.563230138657673,3.7861274203894557,2361.5192821155615,2326.4447178844384,-19.832251082250867,80.16774891774914,86.31411726903146,4.950397131778784,30.509331298761197,345.79891372,182.98561283438465,0.967130376860609
2024-01-01 21:20:00,2364.66,2381.23,2364.66,2376.54,45.1671951,79.74620614642282,2356.0990822263016,2353.685,7.246680386730532,4.478238013657671,2367.765763420988,2324.815236579012,-10.144927536231998,89.855072463768,88.41957842049965,5.782511622366007,33.26218393594307,390.96610882,242.85352497257162,1.502112011343789
2024-01-01 21:25:00,2373.75,2377.81,2371.86,2371.89,21.94272955,72.97303588805772,2358.970158185156,2356.0,8.112099465571191,5.205010304040375,2371.4482070011004,2325.0967929988997,-23.010593742301335,76.98940625769866,82.33740921307192,5.7944750779112795,35.818404241897674,369.02337926999996,205.3688491736184,1.0673927493991804
2024-01-01 21:30:00,2369.02,2382.82,2369.02,2380.68,13.56282343,76.95720468038844,2362.917402151491,2359.543,9.398885359642009,6.043785315160702,2376.5068316113175,2325.0011683886823,-5.117168818747774,94.88283118125223,87.24243663423961,6.366298286631915,38.42701678758862,382.58620269999994,193.29006793426467,1.3361483682303963
2024-01-01 21:35:00,2377.7,2380.58,2372.51,2372.55,12.96339235,67.10404505363653,2364.6687835784924,2362.273,9.651394132949463,6.765307078718455,2378.784151487386,2326.693848512614,-27.335640138408138,72.66435986159186,81.5121991001809,6.495134123301036,40.8492998657302,369.62281034999995,146.28106169958065,1.0137350238851641
2024-01-01 21:40:00,2375.73,2382.86,2375.73,2382.86,37.33770407,71.99999669876826,2367.9762774733117,2365.658,10.561691386874827,7.52458394034973,2383.2956678697474,2326.519332130253,-0.0,100.0,89.18239701428134,6.767624543065244,43.20351431278333,406.96051442,147.10798588914818,1.6036669864620032
2024-01-01 21:45:00,2382.44,2384.53,2378.28,2381.33,49.16729173,70.32722921512035,2370.4042270236187,2368.589,11.032474803632795,8.226162113006342,2386.5440175967997,2327.6269824032006,-8.146639511202283,91.85336048879772,88.17257345012985,6.730651361417727,45.46480641232798,357.79322269,127.20638481672124,1.5384287389404083
2024-01-01 21:50:00,2381.18,2381.46,2377.26,2378.77,17.62028747,67.50138008596207,2371.925276655688,2371.654,11.071379477119535,8.795205585828981,2388.4657495116894,2329.9752504883104,-14.663951120163414,85.33604887983658,92.39646978954477,6.549890549887876,47.24270411158351,340.17293522,100.58492851790776,1.2669167010783164
2024-01-01 21:55:00,2379.01,2391.59,2378.93,2390.82,74.291418,73.0007078776017,2375.3606809001085,2375.5860000000002,11.936944341222897,9.423553336907764,2392.8344405074663,2330.4905594925335,-1.6863775733683237,98.31362242663168,91.83434393175531,6.997755510610182,49.3511279499961,414.46435322,121.94314009002083,1.6496458363449367
2024-01-01 22:00:00,2388.61,2391.62,2385.82,2390.0,22.86138292,72.10651606390648,2378.022375281907,2379.007,12.413646792116651,10.021572027949542,2396.1297109488933,2332.058289051107,-3.6461850101280593,96.35381498987194,93.33449543211339,6.912201545566579,51.31009318645732,391.60297030000004,116.94069155026405,1.7835545031770144
2024-01-01 22:05:00,2391.21,2397.9,2389.43,2391.53,33.54881621,72.77656843435234,2380.478307048833,2381.697,12.767716840057346,10.570800990371104,2399.4543438534192,2333.202656146582,-12.561624926049864,87.43837507395014,94.03527083015122,7.023472863740413,53.3520452130024,425.15178651,118.952029249115,1.7023176695726217
2024-01-01 22:10:00,2388.18,2389.7,2379.03,2380.72,28.28856909,61.53017914596334,2380.5222512217724,2382.1150000000002,12.03728491932634,10.864097776162152,2400.6231422696706,2335.1768577303296,-35.33525298231248,64.66474701768752,82.81897902716985,7.414653373473241,52.76392001436789,396.86321742,68.92975915365176,1.058243731402198
2024-01-01 22:15:00,2380.94,2387.47,2378.78,2387.47,17.77499581,65.15151045714558,2381.7854782723593,2383.673,11.866293700300048,11.064536960989733,2402.378469378037,2337.2945306219626,-21.567411083540662,78.43258891645934,76.84523700269898,7.505749561082267,52.16618457710729,414.63821323,69.41171787322526,0.9659016421173583
2024-01-01 22:20:00,2385.87,2388.98,2384.05,2388.75,33.6107476,65.80879494604176,2383.051754950112,2384.48,11.699206064877217,11.19147078176723,2403.4869216969546,2340.5360783030446,-21.073238139106575,78.92676186089342,74.00803259834674,7.321767449576378,51.73576083914947,448.24896083000004,77.00944261798634,0.5137721224974137
2024-01-01 22:25:00,2388.89,2390.83,2387.45,2388.0,25.17689551,65.03477695248543,2383.951435868273,2386.025,11.37514360333671,11.228205346081126,2403.8191431745986,2344.478856825401,-29.783393501805115,70.21660649819488,75.85865242518253,7.040212631749502,51.48901183216775,423.07206532000004,81.44390685201301,0.6792051907972178
2024-01-01 22:30:00,2388.43,2388.43,2383.65,2383.65,33.7908213,60.58398177689083,2383.896629346769,2386.1040000000003,10.644608699242326,11.111486016713366,2403.4486991423155,2348.313300857685,-49.342105263157706,50.657894736842294,66.60042103197685,6.878768872338805,50.40381738674076,389.28124402000003,58.65893764007781,0.12475427188871477
2024-01-01 22:35:00,2382.27,2382.27,2378.79,2378.79,7.63442507,55.97487487948297,2382.9681512837196,2385.85,9.563253903165787,10.80183959400385,2402.5302625132317,2351.9087374867686,-66.17036011080351,33.829639889196486,51.568047041411205,6.734571095743185,48.420913965514,381.64681895,20.77222498939324,0.2630081557817446
2024-01-01 22:40:00,2379.79,2380.31,2378.05,2380.31,16.1098925,57.07480043495059,2382.484851050316,2386.004,8.728309217884998,10.38713351878008,2400.3424096786457,2357.3155903213546,-69.2792437967713,30.720756203228696,38.402763609755816,6.414958874618654,46.43807767481631,397.75671145,9.329725463668737,-0.10701426017475561
2024-01-01 22:45:00,2376.39,2376.39,2371.18,2371.18,5.03238535,49.13411952636098,2380.4294235866223,2384.04,7.246363276791271,9.758979470382318,2397.7372953557806,2361.8887046442196,-100.0,0.0,21.516798697475043,6.608890383574473,43.39804678253959,392.7243261,-67.0578217445613,-0.42623239954143655
2024-01-01 22:50:00,2372.42,2373.75,2370.62,2372.8,11.43717228,50.45138640006122,2379.042255661782,2382.3199999999997,6.131945650273337,9.033572706360523,2395.2512514031896,2366.0757485968106,-92.00879765395794,7.991202346042064,12.90398618309024,6.360398213319162,40.485654232352395,404.16149838,-95.89700732250533,-0.25097003913786536
2024-01-01 22:55:00,2375.13,2378.68,2375.12,2377.43,13.23490009,54.10921499476753,2378.7491182687304,2380.91,5.55829143405208,8.338516451898835,2394.025157557145,2368.581842442855,-75.03665689149598,24.963343108504016,10.984848484848678,6.326084055224912,38.49512483155318,417.39639847,-53.79693833116052,-0.560058891928306
2024-01-01 23:00:00,2379.19,2379.94,2379.01,2379.94,3.42050541,56.00534944899115,2378.9656422198705,2380.832,5.245732815256815,7.7199597245704314,2394.025735298992,2368.921264701007,-65.83577712609936,34.16422287390064,22.372922776148894,6.053506622708862,36.818242775965714,420.81690388,-24.47517940474904,-0.42092050209204795
2024-01-01 23:05:00,2379.99,2380.85,2378.82,2379.14,25.18670879,55.22217572976468,2378.9973436344394,2379.9990000000003,4.877252611753647,7.151418302007075,2393.657731514515,2370.0142684854845,-68.7683284457481,31.231671554251903,30.11974584555217,5.766113292515354,35.38812395658416,395.63019509,-30.391749928354002,-0.5180783849669595
2024-01-01 23:10:00,2378.32,2378.32,2374.13,2375.19,15.66345433,51.40022236132602,2378.3050993372685,2378.643,4.217876354174223,6.564709912440505,2393.727786656218,2369.3952133437815,-83.24780058650978,16.752199413490214,27.38269794721424,5.712105200192812,33.192253490081605,379.96674076,-83.17746539244233,-0.23228267078865833
2024-01-01 23:15:00,2374.76,2378.12,2374.76,2375.83,7.49274559,51.980132088004225,2377.8550812759468,2377.4260000000004,3.7042581882169543,5.992619567595795,2393.483031160974,2369.967968839026,-74.2206828302819,25.779317169718095,24.587729379153387,5.544097685893301,31.15323091404352,387.45948635,-79.42593138700828,-0.487545393240538
2024-01-01 23:20:00,2377.08,2380.53,2375.24,2377.59,6.30123943,53.61914450241567,2377.80688468032,2376.82,3.400035885107627,5.474102831098161,2393.3415986464724,2369.5824013535275,-65.51212271152775,34.487877288472255,25.673131290560175,5.525947851186666,29.657474289527876,393.76072578000003,-53.311347293025634,-0.4671899529042325
2024-01-01 23:25:00,2378.23,2378.23,2378.23,2378.23,0.12455,54.23091079127615,2377.8838147384436,2376.764,3.1739923611894483,5.014080737116418,2393.27004493017,2369.3439550698295,-62.34537357743635,37.65462642256365,32.64060696025132,5.176951576101895,28.26855742390621,393.88527578000003,-43.47521310004736,-0.4091289782244548
2024-01-01 23:30:00,2380.17,2380.69,2378.93,2378.93,7.380545,54.93111759268247,2378.0740302405447,2376.626,3.0165623369093737,4.61457705707501,2393.271460178551,2369.358539821449,-58.881741712024095,41.118258287975905,37.75358733300392,4.982883606380334,27.393431010699896,401.26582078,-25.760728949888914,-0.1980156482705202
2024-01-01 23:35:00,2379.92,2380.87,2379.71,2380.03,8.31081351,56.068507426028084,2378.4296611059003,2377.511,2.9465922342751583,4.2809800925150405,2391.9134503949904,2369.63754960501,-47.16451431779709,52.83548568220291,43.8694567975808,4.765534777353172,26.61121570667448,409.57663429,-12.100947979038283,0.05212734205206161
2024-01-01 23:40:00,2380.15,2382.11,2380.15,2381.77,10.06658558,57.87930269807624,2379.036995450282,2378.4080000000004,2.9969963734160956,4.024183348695252,2390.686603160117,2370.041396839883,-4.291845493562199,95.70815450643781,63.22063282553885,4.573710864685083,26.101145339173407,419.64321987,12.486785151498262,0.06133654860081403
2024-01-01 23:45:00,2381.73,2381.73,2377.5,2378.15,9.67226595,52.98603659559992,2378.8757235502308,2378.4800000000005,2.7135580622198177,3.7620582914001655,2388.684457158319,2370.705542841681,-34.46475195822415,65.53524804177584,71.35962941013884,4.55201723149329,24.97061339635036,409.97095392,-17.03632272581387,0.2939464739075167
2024-01-01 23:50:00,2378.54,2378.54,2375.8,2377.03,2.92087599,51.53437075750403,2378.540137450189,2378.189,2.3712225413428314,3.483891141388699,2388.5595054150303,2370.4614945849694,-44.21235857267035,55.78764142732965,72.3436813251811,4.4225874292437535,23.523099253641533,407.05007793,-55.4876558298663,0.1782703978422125
2024-01-01 23:55:00,2377.93,2381.17,2377.18,2381.17,11.41660299,56.300330562236745,2379.0182942774272,2378.392,2.406244882064584,3.2683618895238764,2387.5242249325,2370.8667750675004,-8.1810269799829,91.8189730200171,71.04728749637418,4.40240261286919,22.707181478673228,418.46668092,10.988173065737275,0.15731272845047958
2024-01-02 00:00:00,2382.72,2384.16,2371.67,2371.67,25.06449195,45.29353939963106,2377.6822407724403,2378.04,1.6484276859682723,2.9443750488127556,2386.0563772512096,2370.6266227487904,-100.0,0.0,49.20220481578224,4.980088140521375,21.413966106751026,393.40218897,-76.86452595048124,-0.3474877517920612
2024-01-02 00:05:00,2374.4,2374.7,2372.9,2372.9,32.99980282,46.74523136592521,2376.812742450178,2377.7470000000003,1.1340304219502286,2.5823061234402505,2384.2576236685604,2370.9153763314403,-90.15212169735757,9.847878302642432,33.8889504408865,4.840796130484116,20.213123261394696,426.40199179,-127.9663956944499,-0.26227964726749087
2024-01-02 00:10:00,2372.44,2376.44,2372.08,2373.34,18.34229854,47.284132947536854,2376.181334731964,2377.322,0.7531889139931991,2.2164826815508403,2383.3713393560356,2370.770660643964,-86.62930344275338,13.370696557246612,7.739524953296339,4.80645354973526,18.827216701839458,444.74429033,-104.85373475551947,-0.0778885057616405
2024-01-02 00:15:00,2373.69,2375.84,2373.69,2375.08,8.48822342,49.46209085210021,2375.981092053425,2377.007,0.5850288845235809,1.8901919221453884,2383.1909309132056,2370.580069086794,-72.69815852682214,27.301841473177856,16.840138777688956,4.641706867611313,17.54030346796674,453.23251375,-69.86264210499864,-0.031567915212788795
2024-01-02 00:20:00,2375.42,2377.82,2375.04,2377.29,4.77803021,52.16529553632844,2376.2190753164386,2376.843,0.6229088741461055,1.636735312545532,2382.8463359763014,2370.6226640236987,-55.00400320256214,44.99599679743786,28.556178275954096,4.508727805639091,16.798209782832338,458.01054396,-11.532006093935781,-0.01261781888383539
2024-01-02 00:25:00,2379.28,2379.42,2375.67,2376.26,3.10147221,50.8014432197118,2376.226516167995,2376.466,0.5633230099001594,1.4220528520164575,2382.5536604650015,2371.4233395349993,-63.2506004803825,36.7493995196175,36.34907926341106,4.454532962379156,16.45861624614739,454.90907175,-6.19914981467179,-0.08283471321107715
2024-01-02 00:30:00,2377.6,2378.5,2376.75,2376.89,2.65561081,51.634376985651095,2376.3471495919957,2375.978,0.5604757030419023,1.2497374222215465,2382.4176496534424,2371.968350346558,-58.20656525220263,41.79343474779737,41.1796103549509,4.296352036494915,16.14327939065422,457.56468256,-6.470004163871366,-0.08575283846098723
2024-01-02 00:35:00,2375.5,2375.81,2375.5,2375.54,2.18757233,49.69290816195809,2376.2003951207234,2375.7169999999996,0.44416541187911207,1.0886230201530596,2382.3707377603077,2371.8262622396924,-69.01521216973612,30.98478783026388,36.509207365892905,4.088755462459555,15.485752266290826,455.37711022999997,-68.83185818860801,-0.18865308420483087
2024-01-02 00:40:00,2378.08,2382.5,2378.07,2380.25,6.17918422,55.92024646129876,2376.9366869169553,2376.0389999999998,0.7237038970151843,1.0156391955254844,2382.4212682239754,2371.8067317760256,-31.305044035227564,68.69495596477243,47.15772618094454,4.293844357998161,16.25796767420171,461.55629445,100.45247499279833,-0.063818084869655
2024-01-02 00:45:00,2382.53,2384.51,2381.23,2384.0,39.55657892,60.14983759235619,2378.220925659327,2376.322,1.2336134919564756,1.0592340548116828,2383.406244911658,2371.3077550883427,-3.9719626168240847,96.02803738317591,65.23592705940406,4.2914269038554504,17.307019257955442,501.11287337,181.961066815109,0.24598952967642532
2024-01-02 00:50:00,2386.42,2388.18,2385.53,2385.89,21.80121253,62.122512897617845,2379.6153028121767,2377.7439999999997,1.7698262687113129,1.2013524975916088,2384.8971198420318,2370.886880157969,-13.870381586916999,86.12961841308301,83.6175372536771,4.283467839294335,18.825301732377692,522.9140859,227.89530690870643,0.3727340420608773
2024-01-02 00:55:00,2386.73,2386.73,2385.14,2385.17,3.73068749,60.886000891457556,2380.625247755417,2378.9710000000005,2.1123311363257926,1.3835482253384457,2385.9710191802983,2370.7469808197015,-18.231374924287138,81.76862507571286,87.97542695732392,4.09107727934475,20.111735880806457,519.18339841,169.26646352914037,0.167984646203337
2024-01-02 01:00:00,2387.33,2387.48,2381.84,2381.84,22.95726911,55.39425459477489,2380.846111799887,2379.8210000000004,2.0909622304816367,1.5250310263670839,2386.3218168323133,2370.8211831676867,-38.4009691096292,61.5990308903708,76.49909145972221,4.201714616534402,20.309122555408464,496.2261293,106.60730053166161,0.42881176554917305
